symbol,yfinance_symbol,name,sector,exchange
MOGA,MOG-A,MOOG INC CLASS A,Industrials,NYSE
BTSG,BTSG,BRIGHTSPRING HEALTH SERVICES INC,Health Care,NASDAQ
HUT,HUT,HUT CORP,Information Technology,NASDAQ
UMBF,UMBF,UMB FINANCIAL CORP,Financials,NASDAQ
CYTK,CYTK,CYTOKINETICS INC,Health Care,NASDAQ
VSAT,VSAT,VIASAT INC,Information Technology,NASDAQ
GKOS,GKOS,GLAUKOS CORP,Health Care,NYSE
KRYS,KRYS,KRYSTAL BIOTECH INC,Health Care,NASDAQ
CTRE,CTRE,CARETRUST REIT INC,Real Estate,NYSE
ONB,ONB,OLD NATIONAL BANCORP,Financials,NASDAQ
EAT,EAT,BRINKER INTERNATIONAL INC,Consumer Discretionary,NYSE
CRNX,CRNX,CRINETICS PHARMACEUTICALS INC,Health Care,NASDAQ
HQY,HQY,HEALTHEQUITY INC,Health Care,NASDAQ
FROG,FROG,JFROG LTD,Information Technology,NASDAQ
PTGX,PTGX,PROTAGONIST THERAPEUTICS INC,Health Care,NASDAQ
SNEX,SNEX,STONEX GROUP INC,Financials,NASDAQ
RHP,RHP,RYMAN HOSPITALITY PROPERTIES REIT,Real Estate,NYSE
FCFS,FCFS,FIRSTCASH HOLDINGS INC,Financials,NASDAQ
ALKS,ALKS,ALKERMES,Health Care,NASDAQ
COMP,COMP,COMPASS INC CLASS A,Real Estate,NYSE
ESE,ESE,ESCO TECHNOLOGIES INC,Industrials,NYSE
AGX,AGX,ARGAN INC,Industrials,NYSE
IDCC,IDCC,INTERDIGITAL INC,Information Technology,NASDAQ
RIOT,RIOT,RIOT PLATFORMS INC,Information Technology,NASDAQ
TGTX,TGTX,TG THERAPEUTICS INC,Health Care,NASDAQ
TRNO,TRNO,TERRENO REALTY REIT CORP,Real Estate,NYSE
PRAX,PRAX,PRAXIS PRECISION MEDICINES INC,Health Care,NASDAQ
CMC,CMC,COMMERCIAL METALS,Materials,NYSE
SM,SM,SM ENERGY,Energy,NYSE
CIFR,CIFR,CIPHER DIGITAL INC,Information Technology,NASDAQ
FSS,FSS,FEDERAL SIGNAL CORP,Industrials,NYSE
SYRE,SYRE,SPYRE THERAPEUTICS INC,Health Care,NASDAQ
OSCR,OSCR,OSCAR HEALTH INC CLASS A,Financials,NYSE
ZWS,ZWS,ZURN ELKAY WATER SOLUTIONS CORP,Industrials,NYSE
JBTM,JBTM,JBT MAREL CORP,Industrials,NYSE
PCVX,PCVX,VAXCYTE INC,Health Care,NASDAQ
JXN,JXN,JACKSON FINANCIAL INC CLASS A,Financials,NYSE
MAC,MAC,MACERICH REIT,Real Estate,NYSE
PBF,PBF,PBF ENERGY INC CLASS A,Energy,NYSE
SLAB,SLAB,SILICON LABORATORIES INC,Information Technology,NASDAQ
FLR,FLR,FLUOR CORP,Industrials,NYSE
ACA,ACA,ARCOSA INC,Industrials,NYSE
VLY,VLY,VALLEY NATIONAL,Financials,NASDAQ
TEX,TEX,TEREX CORP,Industrials,NYSE
EPRT,EPRT,ESSENTIAL PROPERTIES REALTY TRUST,Real Estate,NYSE
ENS,ENS,ENERSYS,Industrials,NYSE
COGT,COGT,COGENT BIOSCIENCES INC,Health Care,NASDAQ
CORZ,CORZ,CORE SCIENTIFIC INC,Information Technology,NASDAQ
NPO,NPO,ENPRO INC,Industrials,NYSE
SWX,SWX,SOUTHWEST GAS HOLDINGS INC,Utilities,NYSE
KYMR,KYMR,KYMERA THERAPEUTICS INC,Health Care,NASDAQ
QBTS,QBTS,D WAVE QUANTUM INC,Information Technology,NASDAQ
UBSI,UBSI,UNITED BANKSHARES INC,Financials,NASDAQ
LNTH,LNTH,LANTHEUS HOLDINGS INC,Health Care,NASDAQ
GBCI,GBCI,GLACIER BANCORP INC,Financials,NYSE
PLXS,PLXS,PLEXUS CORP,Information Technology,NASDAQ
GATX,GATX,GATX CORP,Industrials,NYSE
LTH,LTH,LIFE TIME GROUP HOLDINGS INC,Consumer Discretionary,NYSE
HWC,HWC,HANCOCK WHITNEY CORP,Financials,NASDAQ
LUMN,LUMN,LUMEN TECHNOLOGIES INC,Communication,NYSE
XENE,XENE,XENON PHARMACEUTICALS INC,Health Care,NASDAQ
PTCT,PTCT,PTC THERAPEUTICS INC,Health Care,NASDAQ
VSXY,VSXY,VICTORIA S SECRET,Consumer Discretionary,NYSE
MATX,MATX,MATSON INC,Industrials,NYSE
ENVA,ENVA,ENOVA INTERNATIONAL INC,Financials,NYSE
AROC,AROC,ARCHROCK INC,Energy,NYSE
ESNT,ESNT,ESSENT GROUP LTD,Financials,NYSE
KRG,KRG,KITE REALTY GROUP TRUST REIT,Real Estate,NYSE
LQDA,LQDA,LIQUIDIA CORP,Health Care,NASDAQ
AUB,AUB,ATLANTIC UNION BANKSHARES CORP,Financials,NYSE
ORA,ORA,ORMAT TECH INC,Utilities,NYSE
NJR,NJR,NEW JERSEY RESOURCES CORP,Utilities,NYSE
APGE,APGE,APOGEE THERAPEUTICS INC,Health Care,NASDAQ
HOMB,HOMB,HOME BANCSHARES INC,Financials,NYSE
POR,POR,PORTLAND GENERAL ELECTRIC,Utilities,NYSE
ACIW,ACIW,ACI WORLDWIDE INC,Information Technology,NASDAQ
TXNM,TXNM,TXNM ENERGY INC,Utilities,NYSE
LGND,LGND,LIGAND PHARMACEUTICALS INC,Health Care,NASDAQ
TXG,TXG,10X GENOMICS INC CLASS A,Health Care,NASDAQ
SSRM,SSRM,SSR MINING INC,Materials,NASDAQ
KGS,KGS,KODIAK GAS SERVICES INC,Energy,NYSE
SIGI,SIGI,SELECTIVE INSURANCE GROUP INC,Financials,NASDAQ
HIMS,HIMS,HIMS HERS HEALTH INC CLASS A,Health Care,NYSE
MGY,MGY,MAGNOLIA OIL GAS CORP CLASS A,Energy,NYSE
ABCB,ABCB,AMERIS BANCORP,Financials,NYSE
RYTM,RYTM,RHYTHM PHARMACEUTICALS INC,Health Care,NASDAQ
DFTX,DFTX,DEFINIUM THERAPEUTICS INC,Health Care,NASDAQ
MXL,MXL,MAXLINEAR INC,Information Technology,NASDAQ
CWST,CWST,CASELLA WASTE SYSTEMS INC CLASS A,Industrials,NASDAQ
TWST,TWST,TWIST BIOSCIENCE CORP,Health Care,NASDAQ
BKH,BKH,BLACK HILLS CORP,Utilities,NYSE
PRM,PRM,PERIMETER SOLUTIONS INC,Materials,NYSE
AIR,AIR,AAR CORP,Industrials,NYSE
PECO,PECO,PHILLIPS EDISON AND COMPANY INC,Real Estate,NASDAQ
SBRA,SBRA,SABRA HEALTH CARE REIT INC,Real Estate,NASDAQ
GTX,GTX,GARRETT MOTION,Consumer Discretionary,NASDAQ
SRRK,SRRK,SCHOLAR ROCK HOLDING CORP,Health Care,NASDAQ
PIPR,PIPR,PIPER SANDLER COMPANIES,Financials,NYSE
VSEC,VSEC,VSE CORP,Industrials,NASDAQ
MRCY,MRCY,MERCURY SYSTEMS INC,Industrials,NASDAQ
BIPC,BIPC,BROOKFIELD INFRASTRUCTURE CORP CLA,Utilities,NYSE
CGON,CGON,CG ONCOLOGY INC,Health Care,NASDAQ
IBP,IBP,INSTALLED BUILDING PRODUCTS INC,Consumer Discretionary,NYSE
RDN,RDN,RADIAN GROUP INC,Financials,NYSE
YOU,YOU,CLEAR SECURE INC CLASS A,Information Technology,NYSE
NE,NE,NOBLE CORPORATION PLC,Energy,NYSE
MIRM,MIRM,MIRUM PHARMACEUTICALS INC,Health Care,NASDAQ
MUR,MUR,MURPHY OIL CORP,Energy,NYSE
SXT,SXT,SENSIENT TECHNOLOGIES CORP,Materials,NYSE
DNTH,DNTH,DIANTHUS THERAPEUTICS INC,Health Care,NASDAQ
BCPC,BCPC,BALCHEM CORP,Materials,NASDAQ
FTDR,FTDR,FRONTDOOR INC,Consumer Discretionary,NASDAQ
CVLT,CVLT,COMMVAULT SYSTEMS INC,Information Technology,NASDAQ
AX,AX,AXOS FINANCIAL INC,Financials,NYSE
MYRG,MYRG,MYR GROUP INC,Industrials,NASDAQ
OUT,OUT,OUTFRONT MEDIA INC,Real Estate,NYSE
QLYS,QLYS,QUALYS INC,Information Technology,NASDAQ
GVA,GVA,GRANITE CONSTRUCTION INC,Industrials,NYSE
TVTX,TVTX,TRAVERE THERAPEUTICS INC,Health Care,NASDAQ
CSW,CSW,CSW INDUSTRIALS INC,Industrials,NYSE
PSMT,PSMT,PRICESMART INC,Consumer Staples,NASDAQ
CNO,CNO,CNO FINANCIAL GROUP INC,Financials,NYSE
OGS,OGS,ONE GAS INC,Utilities,NYSE
NOVT,NOVT,NOVANTA INC,Information Technology,NASDAQ
MMSI,MMSI,MERIT MEDICAL SYSTEMS INC,Health Care,NASDAQ
RIG,RIG,TRANSOCEAN LTD,Energy,NYSE
RGTI,RGTI,RIGETTI COMPUTING INC,Information Technology,NASDAQ
ORKA,ORKA,ORUKA THERAPEUTICS INC,Health Care,NASDAQ
UFPI,UFPI,UFP INDUSTRIES INC,Industrials,NASDAQ
RUSHA,RUSHA,RUSH ENTERPRISES INC CLASS A,Industrials,NASDAQ
HASI,HASI,HA SUSTAINABLE INFRASTRUCTURE CAPI,Financials,NYSE
TTAN,TTAN,SERVICETITAN INC CLASS A,Information Technology,NASDAQ
BCO,BCO,BRINKS,Industrials,NYSE
ROAD,ROAD,CONSTRUCTION PARTNERS INC CLASS A,Industrials,NASDAQ
HRI,HRI,HERC HOLDINGS INC,Industrials,NYSE
JOBY,JOBY,JOBY AVIATION INC CLASS A,Industrials,NYSE
ZETA,ZETA,ZETA GLOBAL HOLDINGS CORP CLASS A,Information Technology,NYSE
EBC,EBC,EASTERN BANKSHARES INC,Financials,NASDAQ
VCYT,VCYT,VERACYTE INC,Health Care,NASDAQ
INDV,INDV,INDIVIOR PHARMACEUTICALS INC,Health Care,NASDAQ
UEC,UEC,URANIUM ENERGY CORP,Energy,NYSE American
REZI,REZI,RESIDEO TECHNOLOGIES INC,Industrials,NYSE
CNX,CNX,CNX RESOURCES CORP,Energy,NYSE
OII,OII,OCEANEERING INTERNATIONAL INC,Energy,NYSE
CAKE,CAKE,CHEESECAKE FACTORY INC,Consumer Discretionary,NASDAQ
BOOT,BOOT,BOOT BARN HOLDINGS INC,Consumer Discretionary,NYSE
SR,SR,SPIRE INC,Utilities,NYSE
GLNG,GLNG,GOLAR LNG LTD,Energy,NASDAQ
LAUR,LAUR,LAUREATE EDUCATION INC,Consumer Discretionary,NASDAQ
SFBS,SFBS,SERVISFIRST BANCSHARES INC,Financials,NYSE
MTH,MTH,MERITAGE CORP,Consumer Discretionary,NYSE
FFIN,FFIN,FIRST FINANCIAL BANKSHARES INC,Financials,NASDAQ
KTB,KTB,KONTOOR BRANDS INC,Consumer Discretionary,NYSE
VSH,VSH,VISHAY INTERTECHNOLOGY INC,Information Technology,NYSE
CBT,CBT,CABOT CORP,Materials,NYSE
KLIC,KLIC,KULICKE AND SOFFA INDUSTRIES INC,Information Technology,NASDAQ
MARA,MARA,MARA HOLDINGS INC,Information Technology,NASDAQ
BDC,BDC,BELDEN INC,Information Technology,NYSE
ABG,ABG,ASBURY AUTOMOTIVE GROUP INC,Consumer Discretionary,NYSE
VRNS,VRNS,VARONIS SYSTEMS INC,Information Technology,NASDAQ
SKT,SKT,TANGER INC,Real Estate,NYSE
LIVN,LIVN,LIVANOVA PLC,Health Care,NASDAQ
FULT,FULT,FULTON FINANCIAL CORP,Financials,NASDAQ
CRSP,CRSP,CRISPR THERAPEUTICS AG,Health Care,NASDAQ
ASB,ASB,ASSOCIATED BANCORP,Financials,NYSE
CDP,CDP,COPT DEFENSE PROPERTIES,Real Estate,NYSE
ANF,ANF,ABERCROMBIE AND FITCH CLASS A,Consumer Discretionary,NYSE
SKY,SKY,CHAMPION HOMES INC,Consumer Discretionary,NYSE
RDNT,RDNT,RADNET INC,Health Care,NASDAQ
BGC,BGC,BGC GROUP INC CLASS A,Financials,NASDAQ
ITRI,ITRI,ITRON INC,Information Technology,NASDAQ
CVCO,CVCO,CAVCO INDUSTRIES INC,Consumer Discretionary,NASDAQ
FLG,FLG,FLAGSTAR BANK NATIONAL ASSOCIATION,Financials,NYSE
URBN,URBN,URBAN OUTFITTERS INC,Consumer Discretionary,NASDAQ
TCBI,TCBI,TEXAS CAPITAL BANCSHARES INC,Financials,NASDAQ
WHD,WHD,CACTUS INC CLASS A,Energy,NYSE
NWE,NWE,NORTHWESTERN ENERGY GROUP INC,Utilities,NASDAQ
KFY,KFY,KORN FERRY,Industrials,NYSE
ATMU,ATMU,ATMUS FILTRATION TECHNOLOGIES INC,Industrials,NYSE
FBP,FBP,FIRST BANCORP,Financials,NYSE
AZZ,AZZ,AZZ INC,Industrials,NYSE
CVSA,CVSA,COVISTA INC,Consumer Discretionary,NYSE
MTRN,MTRN,MATERION CORP,Materials,NYSE
UNF,UNF,UNIFIRST CORP,Industrials,NYSE
VAL,VAL,VALARIS LTD,Energy,NYSE
SKYW,SKYW,SKYWEST INC,Industrials,NASDAQ
IBOC,IBOC,INTERNATIONAL BANCSHARES CORP,Financials,NASDAQ
OPLN,OPLN,OPENLANE INC,Industrials,NYSE
PI,PI,IMPINJ INC,Information Technology,NASDAQ
HCC,HCC,WARRIOR MET COAL INC,Materials,NYSE
BOX,BOX,BOX INC CLASS A,Information Technology,NYSE
VCTR,VCTR,VICTORY CAPITAL HOLDINGS CLASS A I,Financials,NASDAQ
PARR,PARR,PAR PACIFIC HOLDINGS INC,Energy,NYSE
BNL,BNL,BROADSTONE NET LEASE INC,Real Estate,NYSE
ACMR,ACMR,ACM RESEARCH CLASS A INC,Information Technology,NASDAQ
SYNA,SYNA,SYNAPTICS INC,Information Technology,NASDAQ
KNF,KNF,KNIFE RIVER CORP,Materials,NYSE
CATY,CATY,CATHAY GENERAL BANCORP,Financials,NASDAQ
CHEF,CHEF,CHEFS WAREHOUSE INC,Consumer Staples,NASDAQ
PJT,PJT,PJT PARTNERS INC CLASS A,Financials,NYSE
WSFS,WSFS,WSFS FINANCIAL CORP,Financials,NASDAQ
DK,DK,DELEK US HOLDINGS INC,Energy,NYSE
SPHR,SPHR,SPHERE ENTERTAINMENT CLASS A,Communication,NYSE
MRX,MRX,MAREX GROUP LTD,Financials,NASDAQ
ICUI,ICUI,ICU MEDICAL INC,Health Care,NASDAQ
ERAS,ERAS,ERASCA INC,Health Care,NASDAQ
CNR,CNR,CORE NATURAL RESOURCES INC,Energy,NYSE
INDB,INDB,INDEPENDENT BANK CORP,Financials,NASDAQ
INSW,INSW,INTERNATIONAL SEAWAYS INC,Energy,NYSE
HAE,HAE,HAEMONETICS CORP,Health Care,NYSE
RNST,RNST,RENASANT CORP,Financials,NYSE
IRT,IRT,INDEPENDENCE REALTY INC,Real Estate,NYSE
UCB,UCB,UNITED COMMUNITY BANKS INC,Financials,NYSE
FELE,FELE,FRANKLIN ELECTRIC INC,Industrials,NASDAQ
GHC,GHC,GRAHAM HOLDINGS COMPANY CLASS B,Consumer Discretionary,NYSE
IRTC,IRTC,IRHYTHM HOLDINGS INC,Health Care,NASDAQ
XMTR,XMTR,XOMETRY INC CLASS A,Industrials,NASDAQ
ACLS,ACLS,AXCELIS TECHNOLOGIES INC,Information Technology,NASDAQ
GEO,GEO,GEO GROUP INC,Industrials,NYSE
MWA,MWA,MUELLER WATER PRODUCTS INC SERIES,Industrials,NYSE
SLG,SLG,SL GREEN REALTY REIT CORP,Real Estate,NYSE
MHO,MHO,M I HOMES INC,Consumer Discretionary,NYSE
TNGX,TNGX,TANGO THERAPEUTICS INC,Health Care,NASDAQ
MC,MC,MOELIS CLASS A,Financials,NYSE
BMI,BMI,BADGER METER INC,Information Technology,NYSE
DYN,DYN,DYNE THERAPEUTICS INC,Health Care,NASDAQ
DAVE,DAVE,DAVE INC CLASS A,Financials,NASDAQ
CSTM,CSTM,CONSTELLIUM SE CLASS A,Materials,NYSE
EXTR,EXTR,EXTREME NETWORKS INC,Information Technology,NASDAQ
CNK,CNK,CINEMARK HOLDINGS INC,Communication,NYSE
CALM,CALM,CAL MAINE FOODS INC,Consumer Staples,NASDAQ
CVBF,CVBF,CVB FINANCIAL CORP,Financials,NASDAQ
TPC,TPC,TUTOR PERINI CORP,Industrials,NYSE
SIG,SIG,SIGNET JEWELERS LTD,Consumer Discretionary,NYSE
PII,PII,POLARIS INC,Consumer Discretionary,NYSE
HIW,HIW,HIGHWOODS PROPERTIES REIT INC,Real Estate,NYSE
WSBC,WSBC,WESBANCO INC,Financials,NASDAQ
DIOD,DIOD,DIODES INC,Information Technology,NASDAQ
APLE,APLE,APPLE HOSPITALITY REIT INC,Real Estate,NYSE
UCTT,UCTT,ULTRA CLEAN HOLDINGS INC,Information Technology,NASDAQ
CRC,CRC,CALIFORNIA RESOURCES CORP,Energy,NYSE
QTWO,QTWO,Q2 HOLDINGS INC,Information Technology,NYSE
TENB,TENB,TENABLE HOLDINGS INC,Information Technology,NASDAQ
ADPT,ADPT,ADAPTIVE BIOTECHNOLOGIES CORP,Health Care,NASDAQ
NSIT,NSIT,INSIGHT ENTERPRISES INC,Information Technology,NASDAQ
KAI,KAI,KADANT INC,Industrials,NYSE
NHI,NHI,NATIONAL HEALTH INVESTORS REIT INC,Real Estate,NYSE
CON,CON,CONCENTRA GROUP HOLDINGS PARENT IN,Health Care,NYSE
DORM,DORM,DORMAN PRODUCTS INC,Consumer Discretionary,NASDAQ
TDW,TDW,TIDEWATER INC,Energy,NYSE
ONDS,ONDS,ONDAS INC,Information Technology,NASDAQ
LASR,LASR,NLIGHT INC,Information Technology,NASDAQ
CLSK,CLSK,CLEANSPARK INC,Information Technology,NASDAQ
RELY,RELY,REMITLY GLOBAL INC,Financials,NASDAQ
GNW,GNW,GENWORTH FINANCIAL INC,Financials,NYSE
PLMR,PLMR,PALOMAR HOLDINGS INC,Financials,NASDAQ
DNLI,DNLI,DENALI THERAPEUTICS INC,Health Care,NASDAQ
MIR,MIR,MIRION TECHNOLOGIES INC CLASS A,Information Technology,NYSE
OPEN,OPEN,OPENDOOR TECHNOLOGIES INC CLASS A,Real Estate,NASDAQ
OPCH,OPCH,OPTION CARE HEALTH INC,Health Care,NASDAQ
LXP,LXP,LXP INDUSTRIAL TRUST,Real Estate,NYSE
FIBK,FIBK,FIRST INTERSTATE BANCSYSTEM INC,Financials,NASDAQ
FFBC,FFBC,FIRST FINANCIAL BANCORP,Financials,NASDAQ
MIAX,MIAX,MIAMI INTERNATIONAL HOLDINGS INC,Financials,NYSE
OSIS,OSIS,OSI SYSTEMS INC,Information Technology,NASDAQ
STNG,STNG,SCORPIO TANKERS INC,Energy,NYSE
SHOO,SHOO,STEVEN MADDEN LTD,Consumer Discretionary,NASDAQ
PRK,PRK,PARK NATIONAL CORP,Financials,NYSE American
LRN,LRN,STRIDE INC,Consumer Discretionary,NYSE
SXI,SXI,STANDEX INTERNATIONAL CORP,Industrials,NYSE
LGN,LGN,LEGENCE CORP CLASS A,Industrials,NASDAQ
LMND,LMND,LEMONADE INC,Financials,NYSE
GPI,GPI,GROUP AUTOMOTIVE INC,Consumer Discretionary,NYSE
BKD,BKD,BROOKDALE SENIOR LIVING INC,Health Care,NYSE
OTTR,OTTR,OTTER TAIL CORP,Utilities,NASDAQ
NATL,NATL,NCR ATLEOS CORP,Financials,NYSE
PTEN,PTEN,PATTERSON UTI ENERGY INC,Energy,NASDAQ
AVA,AVA,AVISTA CORP,Utilities,NYSE
TOWN,TOWN,TOWNEBANK,Financials,NASDAQ
CECO,CECO,CECO ENVIRONMENTAL CORP,Industrials,NASDAQ
AAP,AAP,ADVANCE AUTO PARTS INC,Consumer Discretionary,NYSE
RXO,RXO,RXO INC,Industrials,NYSE
ITGR,ITGR,INTEGER HOLDINGS CORP,Health Care,NYSE
KBH,KBH,KB HOME,Consumer Discretionary,NYSE
STEP,STEP,STEPSTONE GROUP INC CLASS A,Financials,NASDAQ
CBU,CBU,COMMUNITY FINANCIAL SYSTEM INC,Financials,NYSE
ACAD,ACAD,ACADIA PHARMACEUTICALS INC,Health Care,NASDAQ
POWI,POWI,POWER INTEGRATIONS INC,Information Technology,NASDAQ
AWR,AWR,AMERICAN STATES WATER,Utilities,NYSE
AVNT,AVNT,AVIENT CORP,Materials,NYSE
GFF,GFF,GRIFFON CORP,Industrials,NYSE
NMIH,NMIH,NMI HOLDINGS INC,Financials,NASDAQ
ASH,ASH,ASHLAND INC,Materials,NYSE
CELC,CELC,CELCUITY INC,Health Care,NASDAQ
SBCF,SBCF,SEACOAST BANKING OF FLORIDA,Financials,NASDAQ
IMVT,IMVT,IMMUNOVANT INC,Health Care,NASDAQ
TDS,TDS,TELEPHONE AND DATA SYSTEMS INC,Communication,NYSE
MMS,MMS,MAXIMUS INC,Industrials,NYSE
NIC,NIC,NICOLET BANKSHARES INC,Financials,NYSE
LEU,LEU,CENTRUS ENERGY CORP CLASS A,Energy,NYSE
SFNC,SFNC,SIMMONS FIRST NATIONAL CORP CLASS,Financials,NASDAQ
CWK,CWK,CUSHMAN AND WAKEFIELD LTD,Real Estate,NYSE
HP,HP,HELMERICH & PAYNE INC,Energy,NYSE
FSLY,FSLY,FASTLY INC CLASS A,Information Technology,NASDAQ
ALHC,ALHC,ALIGNMENT HEALTHCARE INC,Health Care,NASDAQ
KNSA,KNSA,KINIKSA PHARMACEUTICALS INTERNATIO,Health Care,NASDAQ
COCO,COCO,THE VITA COCO COMPANY INC,Consumer Staples,NASDAQ
ACHR,ACHR,ARCHER AVIATION INC CLASS A,Industrials,NYSE
CPK,CPK,CHESAPEAKE UTILITIES CORP,Utilities,NYSE
ARCB,ARCB,ARCBEST CORP,Industrials,NASDAQ
ARQT,ARQT,ARCUTIS BIOTHERAPEUTICS INC,Health Care,NASDAQ
AMBA,AMBA,AMBARELLA INC,Information Technology,NASDAQ
EXPO,EXPO,EXPONENT INC,Industrials,NASDAQ
HNI,HNI,HNI CORP,Industrials,NYSE
RLAY,RLAY,RELAY THERAPEUTICS INC,Health Care,NASDAQ
ASO,ASO,ACADEMY SPORTS AND OUTDOORS INC,Consumer Discretionary,NASDAQ
AMRX,AMRX,AMNEAL PHARMACEUTICALS INC CLASS A,Health Care,NASDAQ
HNGE,HNGE,HINGE HEALTH INC CLASS A,Health Care,NYSE
BKU,BKU,BANKUNITED INC,Financials,NYSE
RRR,RRR,RED ROCK RESORTS ORS CLASS A INC,Consumer Discretionary,NASDAQ
CENX,CENX,CENTURY ALUMINUM,Materials,NASDAQ
MSGE,MSGE,MADISON SQUARE GARDEN ENTERTAINMEN,Communication,NYSE
WDFC,WDFC,WD-40,Consumer Staples,NASDAQ
BELFB,BELFB,BEL FUSE INC CLASS B,Information Technology,NASDAQ
FUL,FUL,HB FULLER,Materials,NYSE
KN,KN,KNOWLES CORP,Information Technology,NYSE
PFS,PFS,PROVIDENT FINANCIAL SERVICES INC,Financials,NYSE
CWT,CWT,CALIFORNIA WATER SERVICE GROUP,Utilities,NYSE
WK,WK,WORKIVA INC CLASS A,Information Technology,NYSE
AKR,AKR,ACADIA REALTY TRUST REIT,Real Estate,NYSE
UNFI,UNFI,UNITED NATURAL FOODS INC,Consumer Staples,NYSE
VGNT,VGNT,VERSIGENT PLC,Consumer Discretionary,NYSE
DAN,DAN,DANA INCORPORATED INC,Consumer Discretionary,NYSE
CURB,CURB,CURBLINE PROPERTIES,Real Estate,NYSE
CLMT,CLMT,CALUMET INC,Energy,NASDAQ
CLDX,CLDX,CELLDEX THERAPEUTICS INC,Health Care,NASDAQ
IDYA,IDYA,IDEAYA BIOSCIENCES INC,Health Care,NASDAQ
MCY,MCY,MERCURY GENERAL CORP,Financials,NYSE
NHC,NHC,NATIONAL HEALTHCARE CORP,Health Care,NYSE American
MGEE,MGEE,MGE ENERGY INC,Utilities,NASDAQ
BOH,BOH,BANK OF HAWAII CORP,Financials,NYSE
UUUU,UUUU,ENERGY FUELS INC,Energy,NYSE American
GRAL,GRAL,GRAIL INC,Health Care,NASDAQ
UE,UE,URBAN EDGE PROPERTIES,Real Estate,NYSE
CLBK,CLBK,COLUMBIA FINANCIAL INC,Financials,NASDAQ
TDC,TDC,TERADATA CORP,Information Technology,NYSE
NTCT,NTCT,NETSCOUT SYSTEMS INC,Information Technology,NASDAQ
AXTI,AXTI,AXT INC,Information Technology,NASDAQ
EWTX,EWTX,EDGEWISE THERAPEUTICS INC,Health Care,NASDAQ
CXW,CXW,CORECIVIC REIT INC,Industrials,NYSE
CRGY,CRGY,CRESCENT ENERGY CLASS A,Energy,NYSE
VECO,VECO,VEECO INSTRUMENTS INC,Information Technology,NASDAQ
VC,VC,VISTEON CORP,Consumer Discretionary,NASDAQ
LBRT,LBRT,LIBERTY ENERGY INC CLASS A,Energy,NYSE
PRVA,PRVA,PRIVIA HEALTH GROUP INC,Health Care,NASDAQ
FRME,FRME,FIRST MERCHANTS CORP,Financials,NASDAQ
PLUG,PLUG,PLUG POWER INC,Industrials,NASDAQ
PK,PK,PARK HOTELS RESORTS INC,Real Estate,NYSE
MGRC,MGRC,MCGRATH RENT,Industrials,NASDAQ
BHE,BHE,BENCHMARK ELECTRONICS INC,Information Technology,NYSE
IBRX,IBRX,IMMUNITYBIO INC,Health Care,NASDAQ
AGYS,AGYS,AGILYSYS INC,Information Technology,NASDAQ
DBRG,DBRG,DIGITALBRIDGE GROUP INC CLASS A,Financials,NYSE
ADEA,ADEA,ADEIA INC,Information Technology,NASDAQ
DX,DX,DYNEX CAPITAL REIT INC,Financials,NYSE
ABM,ABM,ABM INDUSTRIES INC,Industrials,NYSE
FCPT,FCPT,FOUR CORNERS PROPERTY INC TRUST,Real Estate,NYSE
USAR,USAR,USA RARE EARTH INC CLASS A,Materials,NASDAQ
XRAY,XRAY,DENTSPLY SIRONA INC,Health Care,NASDAQ
SMR,SMR,NUSCALE POWER CORP CLASS A,Industrials,NYSE
GOLF,GOLF,ACUSHNET HOLDINGS CORP,Consumer Discretionary,NYSE
NAVN,NAVN,NAVAN INC CLASS A,Consumer Discretionary,NASDAQ
PHIN,PHIN,PHINIA INC,Consumer Discretionary,NYSE
MGNI,MGNI,MAGNITE INC,Communication,NASDAQ
TRN,TRN,TRINITY INDUSTRIES INC,Industrials,NYSE
SDRL,SDRL,SEADRILL LTD,Energy,NYSE
AEO,AEO,AMERICAN EAGLE OUTFITTERS INC,Consumer Discretionary,NYSE
SEI,SEI,SOLARIS OILFIELD INFRASTRUCTURE IN,Energy,NYSE
VAC,VAC,MARRIOTT VACATIONS WORLDWIDE CORP,Consumer Discretionary,NYSE
HUBG,HUBG,HUB GROUP INC CLASS A,Industrials,NASDAQ
DHT,DHT,DHT HOLDINGS INC,Energy,NYSE
NBTB,NBTB,NBT BANCORP INC,Financials,NASDAQ
CARG,CARG,CARGURUS INC CLASS A,Communication,NASDAQ
BCC,BCC,BOISE CASCADE,Industrials,NYSE
CBZ,CBZ,CBIZ INC,Industrials,NYSE
PATK,PATK,PATRICK INDUSTRIES INC,Consumer Discretionary,NASDAQ
HURN,HURN,HURON CONSULTING GROUP INC,Industrials,NASDAQ
WRBY,WRBY,WARBY PARKER INC CLASS A,Consumer Discretionary,NYSE
STNE,STNE,STONECO LTD CLASS A,Financials,NASDAQ
RSI,RSI,RUSH STREET INTERACTIVE INC CLASS,Consumer Discretionary,NYSE
DRH,DRH,DIAMONDROCK HOSPITALITY,Real Estate,NASDAQ
LION,LION,LIONSGATE STUDIOS CORP,Communication,NYSE
FBK,FBK,FB FINANCIAL CORP,Financials,NYSE
BTU,BTU,PEABODY ENERGY CORP,Energy,NYSE
BUSE,BUSE,FIRST BUSEY CORP,Financials,NASDAQ
TRMK,TRMK,TRUSTMARK CORP,Financials,NASDAQ
OSW,OSW,ONESPAWORLD HOLDINGS LTD,Consumer Discretionary,NASDAQ
ICHR,ICHR,ICHOR HOLDINGS LTD,Information Technology,NASDAQ
KALU,KALU,KAISER ALUMINIUM CORP,Materials,NASDAQ
PENN,PENN,PENN ENTERTAINMENT INC,Consumer Discretionary,NASDAQ
CALY,CALY,CALLAWAY GOLF COMPANY,Consumer Discretionary,NYSE
BWIN,BWIN,BALDWIN INSURANCE GROUP INC CLASS,Financials,NASDAQ
VISN,VISN,VISTANCE NETWORKS INC,Information Technology,NASDAQ
ACHC,ACHC,ACADIA HEALTHCARE COMPANY INC,Health Care,NASDAQ
PTON,PTON,PELOTON INTERACTIVE CLASS A INC,Consumer Discretionary,NASDAQ
TMDX,TMDX,TRANSMEDICS GROUP INC,Health Care,NASDAQ
RH,RH,RH,Consumer Discretionary,NYSE
CC,CC,CHEMOURS,Materials,NYSE
BANC,BANC,BANC OF CALIFORNIA INC,Financials,NYSE
HGV,HGV,HILTON GRAND VACATIONS INC,Consumer Discretionary,NYSE
BEAM,BEAM,BEAM THERAPEUTICS INC,Health Care,NASDAQ
PENG,PENG,PENGUIN SOLUTIONS INC,Information Technology,NASDAQ
TBBK,TBBK,BANCORP INC,Financials,NASDAQ
IVT,IVT,INVENTRUST PROPERTIES CORP,Real Estate,NYSE
KNTK,KNTK,KINETIK HOLDINGS INC CLASS A,Energy,NYSE
DCO,DCO,DUCOMMUN INC,Industrials,NYSE
FBNC,FBNC,FIRST BANCORP,Financials,NASDAQ
HLIO,HLIO,HELIOS TECHNOLOGIES INC,Industrials,NYSE
KMT,KMT,KENNAMETAL INC,Industrials,NYSE
ALRM,ALRM,ALARM.COM HOLDINGS INC,Information Technology,NASDAQ
DNOW,DNOW,DNOW INC,Industrials,NYSE
WAFD,WAFD,WAFD INC,Financials,NASDAQ
CXT,CXT,CRANE NXT,Information Technology,NYSE
DGII,DGII,DIGI INTERNATIONAL INC,Information Technology,NASDAQ
SUPN,SUPN,SUPERNUS PHARMACEUTICALS INC,Health Care,NASDAQ
APAM,APAM,ARTISAN PARTNERS ASSET MANAGEMENT,Financials,NYSE
NEOG,NEOG,NEOGEN CORP,Health Care,NASDAQ
WT,WT,WISDOMTREE INC,Financials,NYSE
VVX,VVX,V2X INC,Industrials,NYSE
SEZL,SEZL,SEZZLE INC,Financials,NASDAQ
HWKN,HWKN,HAWKINS INC,Materials,NASDAQ
LCII,LCII,LCI INDUSTRIES,Consumer Discretionary,NYSE
BBT,BBT,BEACON FINANCIAL CORP,Financials,NYSE
ESTA,ESTA,ESTABLISHMENT LABS INC,Health Care,NASDAQ
NTB,NTB,BANK OF NT BUTTERFIELD & SON LTD,Financials,NYSE
RCUS,RCUS,ARCUS BIOSCIENCES INC,Health Care,NYSE
RARE,RARE,ULTRAGENYX PHARMACEUTICAL INC,Health Care,NASDAQ
SKWD,SKWD,SKYWARD SPECIALTY INSURANCE GROUP,Financials,NASDAQ
BATRK,BATRK,ATLANTA BRAVES HOLDINGS INC SERIES,Communication,NASDAQ
NGVT,NGVT,INGEVITY CORP,Materials,NYSE
TARS,TARS,TARSUS PHARMACEUTICALS INC,Health Care,NASDAQ
SHAK,SHAK,SHAKE SHACK INC CLASS A,Consumer Discretionary,NYSE
GPOR,GPOR,GULFPORT ENERGY CORP,Energy,NYSE
PLUS,PLUS,EPLUS,Information Technology,NASDAQ
EFSC,EFSC,ENTERPRISE FINANCIAL SERVICES CORP,Financials,NASDAQ
SPSC,SPSC,SPS COMMERCE INC,Information Technology,NASDAQ
NKTR,NKTR,NEKTAR THERAPEUTICS,Health Care,NASDAQ
JOE,JOE,ST JOE,Real Estate,NYSE
GPGI,GPGI,GPGI INC CLASS A,Information Technology,NYSE
VCEL,VCEL,VERICEL CORP,Health Care,NASDAQ
SOUN,SOUN,SOUNDHOUND AI INC CLASS A,Information Technology,NASDAQ
ATKR,ATKR,ATKORE INC,Industrials,NYSE
IMNM,IMNM,IMMUNOME INC,Health Care,NASDAQ
CUBI,CUBI,CUSTOMERS BANCORP INC,Financials,NYSE
MAN,MAN,MANPOWER INC,Industrials,NYSE
BANF,BANF,BANCFIRST CORP,Financials,NASDAQ
BULL,BULL,WEBULL CORP CLASS A,Financials,NASDAQ
FRSH,FRSH,FRESHWORKS INC CLASS A,Information Technology,NASDAQ
ANDE,ANDE,ANDERSONS INC,Consumer Staples,NASDAQ
BXMT,BXMT,BLACKSTONE MORTGAGE TRUST REIT CLA,Financials,NYSE
PBH,PBH,PRESTIGE CONSUMER HEALTHCARE INC,Health Care,NYSE
ALGT,ALGT,ALLEGIANT TRAVEL,Industrials,NASDAQ
KEEL,KEEL,KEEL INFRASTRUCTURE CORP,Information Technology,NASDAQ
BLBD,BLBD,BLUE BIRD CORP,Industrials,NASDAQ
BRZE,BRZE,BRAZE INC CLASS A,Information Technology,NASDAQ
CTRI,CTRI,CENTURI HOLDINGS INC,Industrials,NYSE
RAMP,RAMP,LIVERAMP HOLDINGS INC,Information Technology,NYSE
AAMI,AAMI,ACADIAN ASSET MANAGEMENT INC,Financials,NYSE
NMRK,NMRK,NEWMARK GROUP INC CLASS A,Real Estate,NASDAQ
CNS,CNS,COHEN & STEERS INC,Financials,NYSE
WAY,WAY,WAYSTAR HOLDING CORP,Health Care,NASDAQ
AEHR,AEHR,AEHR TEST SYSTEMS,Information Technology,NASDAQ
ELVN,ELVN,ENLIVEN THERAPEUTICS INC,Health Care,NASDAQ
SGHC,SGHC,SUPER GROUP LTD,Consumer Discretionary,NYSE
IPAR,IPAR,INTERPARFUMS INC,Consumer Staples,NASDAQ
UPST,UPST,UPSTART HOLDINGS INC,Financials,NASDAQ
NWBI,NWBI,NORTHWEST BANCSHARES INC,Financials,NASDAQ
ALMS,ALMS,ALUMIS INC,Health Care,NASDAQ
PFSI,PFSI,PENNYMAC FINANCIAL SERVICES INC,Financials,NYSE
ATAI,ATAI,ATAIBECKLEY INC,Health Care,NASDAQ
SYBT,SYBT,STOCK YARDS BANCORP INC,Financials,NASDAQ
BANR,BANR,BANNER CORP,Financials,NASDAQ
MTX,MTX,MINERALS TECHNOLOGIES INC,Materials,NYSE
NRIX,NRIX,NURIX THERAPEUTICS INC,Health Care,NASDAQ
MANE,MANE,VERADERMICS INC,Health Care,NYSE
IRON,IRON,DISC MEDICINE INC,Health Care,NASDAQ
WERN,WERN,WERNER ENTERPRISES INC,Industrials,NASDAQ
HAPN,HAPN,HAPPEN INC,Financials,NASDAQ
FCF,FCF,FIRST COMMONWEALTH FINANCIAL CORP,Financials,NYSE
RUN,RUN,SUNRUN INC,Industrials,NASDAQ
OUST,OUST,OUSTER INC,Information Technology,NASDAQ
LMAT,LMAT,LEMAITRE VASCULAR INC,Health Care,NASDAQ
MD,MD,PEDIATRIX MEDICAL GROUP INC,Health Care,NYSE
ROG,ROG,ROGERS CORP,Information Technology,NYSE
ATRO,ATRO,ASTRONICS CORP,Industrials,NASDAQ
NWL,NWL,NEWELL BRANDS INC,Consumer Discretionary,NASDAQ
IMAX,IMAX,IMAX CORP,Communication,NYSE
BFH,BFH,BREAD FINANCIAL HOLDINGS INC,Financials,NYSE
PACS,PACS,PACS GROUP INC,Health Care,NYSE
HE,HE,HAWAIIAN ELECTRIC INDUSTRIES INC,Utilities,NYSE
HTO,HTO,H2O AMERICA,Utilities,NASDAQ
PGNY,PGNY,PROGYNY INC,Health Care,NASDAQ
AXGN,AXGN,AXOGEN INC,Health Care,NASDAQ
NOG,NOG,NORTHERN OIL AND GAS INC,Energy,NYSE
ATEN,ATEN,A10 NETWORKS INC,Information Technology,NYSE
COHU,COHU,COHU INC,Information Technology,NASDAQ
ADUS,ADUS,ADDUS HOMECARE CORP,Health Care,NASDAQ
AVPT,AVPT,AVEPOINT INC CLASS A,Information Technology,NASDAQ
IOSP,IOSP,INNOSPEC INC,Materials,NASDAQ
BBUC,BBUC,BROOKFIELD BUSINESS CORP CLASS A,Industrials,NYSE
KWR,KWR,QUAKER HOUGHTON CORP,Materials,NYSE
KSS,KSS,KOHLS CORP,Consumer Discretionary,NYSE
NWN,NWN,NORTHWEST NATURAL HOLDING COMPANY,Utilities,NYSE
MZTI,MZTI,MARZETTI,Consumer Staples,NASDAQ
BCRX,BCRX,BIOCRYST PHARMACEUTICALS INC,Health Care,NASDAQ
STC,STC,STEWART INFO SERVICES CORP,Financials,NYSE
AIN,AIN,ALBANY INTERNATIONAL CORP CLASS A,Industrials,NYSE
OFG,OFG,OFG BANCORP,Financials,NYSE
SHO,SHO,SUNSTONE HOTEL INVESTORS REIT INC,Real Estate,NYSE
GEF,GEF,GREIF INC CLASS A,Materials,NYSE
AGM,AGM,FEDERAL AGRICULTURAL MORTGAGE NON,Financials,NYSE
NTST,NTST,NETSTREIT CORP,Real Estate,NYSE
VERA,VERA,VERA THERAPEUTICS INC CLASS A,Health Care,NASDAQ
GRBK,GRBK,GREEN BRICK PARTNERS INC,Consumer Discretionary,NYSE
NG,NG,NOVAGOLD RESOURCES INC,Materials,NYSE American
HMN,HMN,HORACE MANN EDUCATORS CORP,Financials,NYSE
FIVN,FIVN,FIVE9 INC,Information Technology,NASDAQ
HCI,HCI,HCI GROUP INC,Financials,NYSE
NEO,NEO,NEOGENOMICS INC,Health Care,NASDAQ
ARR,ARR,ARMOUR RESIDENTIAL REIT INC,Financials,NYSE
CALX,CALX,CALIX NETWORKS INC,Information Technology,NYSE
NNI,NNI,NELNET INC CLASS A,Financials,NYSE
PAY,PAY,PAYMENTUS HOLDINGS INC CLASS A,Financials,NYSE
JBLU,JBLU,JETBLUE AIRWAYS CORP,Industrials,NASDAQ
WTTR,WTTR,SELECT WATER SOLUTIONS INC CLASS A,Energy,NYSE
WLY,WLY,JOHN WILEY AND SONS INC CLASS A,Communication,NYSE
LFST,LFST,LIFESTANCE HEALTH GROUP INC,Health Care,NASDAQ
HTFL,HTFL,HEARTFLOW INC,Health Care,NASDAQ
CHCO,CHCO,CITY HOLDING,Financials,NASDAQ
MBX,MBX,MBX BIOSCIENCES INC,Health Care,NASDAQ
SPB,SPB,SPECTRUM BRANDS HOLDINGS INC,Consumer Staples,NYSE
HUN,HUN,HUNTSMAN CORP,Materials,NYSE
TNET,TNET,TRINET GROUP INCINARY,Industrials,NYSE
DXPE,DXPE,DXP ENTERPRISES INC,Industrials,NASDAQ
DHC,DHC,DIVERSIFIED HEALTHCARE TRUST,Real Estate,NASDAQ
NVTS,NVTS,NAVITAS SEMICONDUCTOR CORP,Information Technology,NASDAQ
GT,GT,GOODYEAR TIRE & RUBBER,Consumer Discretionary,NASDAQ
DXC,DXC,DXC TECHNOLOGY,Information Technology,NYSE
ECPG,ECPG,ENCORE CAPITAL GROUP INC,Financials,NASDAQ
LTC,LTC,LTC PROPERTIES REIT INC,Real Estate,NYSE
NSP,NSP,INSPERITY INC,Industrials,NYSE
WKC,WKC,WORLD KINECT CORP,Energy,NYSE
ATRC,ATRC,ATRICURE INC,Health Care,NASDAQ
EVTC,EVTC,EVERTEC INC,Financials,NYSE
ADMA,ADMA,ADMA BIOLOGICS INC,Health Care,NASDAQ
GTY,GTY,GETTY REALTY REIT CORP,Real Estate,NYSE
TILE,TILE,INTERFACE INC,Industrials,NASDAQ
PEB,PEB,PEBBLEBROOK HOTEL TRUST REIT,Real Estate,NYSE
GABC,GABC,GERMAN AMERICAN BANCORP INC,Financials,NASDAQ
NCNO,NCNO,NCINO INC,Information Technology,NASDAQ
CDNA,CDNA,CAREDX INC,Health Care,NASDAQ
FLYW,FLYW,FLYWIRE CORP,Financials,NASDAQ
PRDO,PRDO,PERDOCEO EDUCATION CORP,Consumer Discretionary,NASDAQ
TRVI,TRVI,TREVI THERAPEUTICS INC,Health Care,NASDAQ
SLS,SLS,SELLAS LIFE SCIENCES GROUP INC,Health Care,NASDAQ
UFPT,UFPT,UFP TECHNOLOGIES INC,Health Care,NASDAQ
AGIO,AGIO,AGIOS PHARMACEUTICALS INC,Health Care,NASDAQ
UTI,UTI,UNIVERSAL TECHNICAL INSTITUTE INC,Consumer Discretionary,NYSE
INOD,INOD,INNODATA INC,Industrials,NASDAQ
STRA,STRA,STRATEGIC EDUCATION INC,Consumer Discretionary,NASDAQ
TNK,TNK,TEEKAY TANKERS LTD CLASS A,Energy,NYSE
CPRI,CPRI,CAPRI HOLDINGS LTD,Consumer Discretionary,NYSE
STUB,STUB,STUBHUB HOLDINGS INC CLASS A,Communication,NYSE
AMLX,AMLX,AMYLYX PHARMACEUTICALS INC,Health Care,NASDAQ
XHR,XHR,XENIA HOTELS RESORTS REIT INC,Real Estate,NYSE
PAYO,PAYO,PAYONEER GLOBAL INC,Financials,NASDAQ
CASH,CASH,PATHWARD FINANCIAL INC,Financials,NASDAQ
NBHC,NBHC,NATIONAL BANK HOLDINGS CORP CLASS,Financials,NYSE
IOVA,IOVA,IOVANCE BIOTHERAPEUTICS INC,Health Care,NASDAQ
EPAC,EPAC,ENERPAC TOOL GROUP CORP CLASS A,Industrials,NYSE
TALO,TALO,TALOS ENERGY INC,Energy,NYSE
CLOV,CLOV,CLOVER HEALTH INVESTMENTS CORP CLA,Health Care,NASDAQ
BHVN,BHVN,BIOHAVEN LTD,Health Care,NYSE
CENTA,CENTA,CENTRAL GARDEN AND PET CLASS A,Consumer Staples,NASDAQ
SMA,SMA,SMARTSTOP SELF STORAGE REIT INC,Real Estate,NYSE
FTRE,FTRE,FORTREA HOLDINGS INC,Health Care,NASDAQ
ZD,ZD,ZIFF DAVIS INC,Communication,NASDAQ
PRLB,PRLB,PROTO LABS INC,Industrials,NYSE
BLX,BLX,BLADEX INC CLASS E,Financials,NYSE
INTA,INTA,INTAPP INC,Information Technology,NASDAQ
VRDN,VRDN,VIRIDIAN THERAPEUTICS ORS INC,Health Care,NASDAQ
STBA,STBA,S AND T BANCORP INC,Financials,NASDAQ
CTS,CTS,CTS CORP,Information Technology,NYSE
EYE,EYE,NATIONAL VISION HOLDINGS INC,Consumer Discretionary,NASDAQ
SPNT,SPNT,SIRIUSPOINT LTD,Financials,NYSE
AUPH,AUPH,AURINIA PHARMACEUTICALS INC,Health Care,NASDAQ
TCBK,TCBK,TRICO BANCSHARES,Financials,NASDAQ
ADNT,ADNT,ADIENT PLC,Consumer Discretionary,NYSE
IIPR,IIPR,INNOVATIVE INDUSTRIAL PROPERTIES I,Real Estate,NYSE
LPG,LPG,DORIAN LPG LTD,Energy,NYSE
HOPE,HOPE,HOPE BANCORP INC,Financials,NASDAQ
SONO,SONO,SONOS INC,Consumer Discretionary,NASDAQ
CCS,CCS,CENTURY COMMUNITIES INC,Consumer Discretionary,NYSE
URGN,URGN,UROGEN PHARMA LTD,Health Care,NASDAQ
CRVL,CRVL,CORVEL CORP,Health Care,NASDAQ
WOR,WOR,WORTHINGTON ENTERPRISES INC,Industrials,NYSE
PRG,PRG,PROG HOLDINGS INC,Financials,NYSE
SRCE,SRCE,1ST SOURCE CORP,Financials,NASDAQ
SNDX,SNDX,SYNDAX PHARMACEUTICALS INC,Health Care,NASDAQ
AMC,AMC,AMC ENTERTAINMENT HOLDINGS INC CLA,Communication,NYSE
PLAB,PLAB,PHOTRONICS INC,Information Technology,NASDAQ
QCRH,QCRH,QCR HOLDINGS INC,Financials,NASDAQ
GRC,GRC,GORMAN-RUPP,Industrials,NYSE
OCUL,OCUL,OCULAR THERAPEUTIX INC,Health Care,NASDAQ
FUN,FUN,SIX FLAGS ENTERTAINMENT CORP,Consumer Discretionary,NYSE
HG,HG,HAMILTON INSURANCE GROUP LTD CLASS,Financials,NYSE
PRGS,PRGS,PROGRESS SOFTWARE CORP,Information Technology,NASDAQ
BFLY,BFLY,BUTTERFLY NETWORK INC CLASS A,Health Care,NYSE
TFIN,TFIN,TRIUMPH FINANCIAL INC,Financials,NYSE
ENOV,ENOV,ENOVIS CORP,Health Care,NYSE
OMCL,OMCL,OMNICELL INC,Health Care,NASDAQ
HTH,HTH,HILLTOP HOLDINGS INC,Financials,NYSE
NUVB,NUVB,NUVATION BIO INC CLASS A,Health Care,NYSE
PAGS,PAGS,PAGSEGURO DIGITAL LTD CLASS A,Financials,NYSE
KOD,KOD,KODIAK SCIENCES INC,Health Care,NASDAQ
DBD,DBD,DIEBOLD NIXDORF INC,Information Technology,NYSE
GLUE,GLUE,MONTE ROSA THERAPEUTICS INC,Health Care,NASDAQ
GNL,GNL,GLOBAL NET LEASE INC,Real Estate,NYSE
WD,WD,WALKER & DUNLOP INC,Financials,NYSE
DJT,DJT,TRUMP MEDIA TECHNOLOGY GROUP CORP,Communication,NASDAQ
DCOM,DCOM,DIME COMMERCIAL BANCSHARES INC,Financials,NYSE
ASTH,ASTH,ASTRANA HEALTH INC,Health Care,NASDAQ
ALG,ALG,ALAMO GROUP INC,Industrials,NYSE
GENI,GENI,GENIUS SPORTS LTD,Consumer Discretionary,NYSE
OCFC,OCFC,OCEANFIRST FINANCIAL CORP,Financials,NASDAQ
SAFT,SAFT,SAFETY INSURANCE GROUP INC,Financials,NASDAQ
WWW,WWW,WOLVERINE WORLD WIDE INC,Consumer Discretionary,NYSE
EFC,EFC,ELLINGTON FINANCIAL INC,Financials,NYSE
OBK,OBK,ORIGIN BANCORP INC,Financials,NYSE
RDW,RDW,REDWIRE CORP,Industrials,NYSE
MBC,MBC,MASTERBRAND INC,Industrials,NYSE
KMPR,KMPR,KEMPER CORP,Financials,NYSE
PVLA,PVLA,PALVELLA THERAPEUTICS INC,Health Care,NASDAQ
QUBT,QUBT,QUANTUM COMPUTING INC,Information Technology,NASDAQ
STOK,STOK,STOKE THERAPEUTICS INC,Health Care,NASDAQ
LZB,LZB,LA-Z-BOY INC,Consumer Discretionary,NYSE
ANIP,ANIP,ANI PHARMACEUTICALS INC,Health Care,NASDAQ
PPTA,PPTA,PERPETUA RESOURCES CORP,Materials,NASDAQ
NVCR,NVCR,NOVOCURE LTD,Health Care,NASDAQ
TRIP,TRIP,TRIPADVISOR INC,Communication,NASDAQ
CMPR,CMPR,CIMPRESS PLC,Industrials,NASDAQ
CNOB,CNOB,CONNECTONE BANCORP INC,Financials,NASDAQ
FLY,FLY,FIREFLY AEROSPACE INC,Industrials,NASDAQ
NESR,NESR,NATIONAL ENERGY SERVICES REUNITED,Energy,NASDAQ
SRPT,SRPT,SAREPTA THERAPEUTICS INC,Health Care,NASDAQ
HCSG,HCSG,HEALTHCARE SERVICES GROUP INC,Industrials,NASDAQ
PBI,PBI,PITNEY BOWES INC,Industrials,NYSE
HRMY,HRMY,HARMONY BIOSCIENCES HLDG INC,Health Care,NASDAQ
FA,FA,FIRST ADVANTAGE CORP,Industrials,NASDAQ
PEBO,PEBO,PEOPLES BANCORP INC,Financials,NASDAQ
INVA,INVA,INNOVIVA INC,Health Care,NASDAQ
GLOB,GLOB,GLOBANT SA,Information Technology,NYSE
UNIT,UNIT,UNITI GROUP INC,Communication,NASDAQ
RLJ,RLJ,RLJ LODGING TRUST REIT,Real Estate,NYSE
BFC,BFC,BANK FIRST CORP,Financials,NASDAQ
LUNR,LUNR,INTUITIVE MACHINES INC CLASS A,Industrials,NASDAQ
HLMN,HLMN,HILLMAN SOLUTIONS CORP,Industrials,NASDAQ
MLKN,MLKN,MILLERKNOLL INC,Industrials,NASDAQ
MQ,MQ,MARQETA INC CLASS A,Financials,NASDAQ
ARLO,ARLO,ARLO TECHNOLOGIES INC,Information Technology,NYSE
DV,DV,DOUBLEVERIFY HOLDINGS INC,Communication,NYSE
BRBR,BRBR,BELLRING BRANDS INC,Consumer Staples,NYSE
AMR,AMR,ALPHA METALLURGICAL RESOURCE INC,Materials,NYSE
LOB,LOB,LIVE OAK BANCSHARES INC,Financials,NYSE
RXRX,RXRX,RECURSION PHARMACEUTICALS INC CLAS,Health Care,NASDAQ
BL,BL,BLACKLINE INC,Information Technology,NASDAQ
DMRA,DMRA,DAMORA THERAPEUTICS INC,Health Care,NASDAQ
PDFS,PDFS,PDF SOLUTIONS INC,Information Technology,NASDAQ
GBX,GBX,GREENBRIER INC,Industrials,NYSE
SHLS,SHLS,SHOALS TECHNOLOGIES GROUP INC CLAS,Industrials,NASDAQ
KOS,KOS,KOSMOS ENERGY LTD,Energy,NYSE
SFL,SFL,SFL LTD,Energy,NYSE
SBH,SBH,SALLY BEAUTY HOLDINGS INC,Consumer Discretionary,NYSE
MLYS,MLYS,MINERALYS THERAPEUTICS INC,Health Care,NASDAQ
NTLA,NTLA,INTELLIA THERAPEUTICS INC,Health Care,NASDAQ
XNCR,XNCR,XENCOR INC,Health Care,NASDAQ
GSHD,GSHD,GOOSEHEAD INSURANCE INC CLASS A,Financials,NASDAQ
LKFN,LKFN,LAKELAND FINANCIAL CORP,Financials,NASDAQ
MCRI,MCRI,MONARCH CASINO AND RESORT INC,Consumer Discretionary,NASDAQ
FMC,FMC,FMC CORP,Materials,NYSE
LIND,LIND,LINDBLAD EXPEDITIONS HOLDINGS INC,Consumer Discretionary,NASDAQ
DEI,DEI,DOUGLAS EMMETT REIT INC,Real Estate,NYSE
ICFI,ICFI,ICF INTERNATIONAL INC,Industrials,NASDAQ
TNC,TNC,TENNANT,Industrials,NYSE
FBRX,FBRX,FORTE BIOSCIENCES INC,Health Care,NASDAQ
BLKB,BLKB,BLACKBAUD INC,Information Technology,NASDAQ
CNMD,CNMD,CONMED CORP,Health Care,NYSE
ACT,ACT,ENACT HOLDINGS INC,Financials,NASDAQ
BTDR,BTDR,BITDEER TECHNOLOGIES GROUP CLASS A,Information Technology,NASDAQ
PRGO,PRGO,PERRIGO PLC,Health Care,NYSE
TPB,TPB,TURNING POINT BRANDS INC,Consumer Staples,NYSE
INSP,INSP,INSPIRE MEDICAL SYSTEMS INC,Health Care,NYSE
XERS,XERS,XERIS BIOPHARMA HOLDINGS INC,Health Care,NASDAQ
BJRI,BJRI,BJS RESTAURANTS INC,Consumer Discretionary,NASDAQ
MBIN,MBIN,MERCHANTS BANCORP,Financials,NASDAQ
SCL,SCL,STEPAN,Materials,NYSE
SAM,SAM,BOSTON BEER INC CLASS A,Consumer Staples,NYSE
BKE,BKE,BUCKLE INC,Consumer Discretionary,NYSE
DCH,DCH,DAUCH CORPORATION,Consumer Discretionary,NYSE
TSHA,TSHA,TAYSHA GENE THERAPIES INC,Health Care,NASDAQ
PRCH,PRCH,PORCH GROUP INC,Information Technology,NASDAQ
PNTG,PNTG,PENNANT GROUP INC,Health Care,NASDAQ
YELP,YELP,YELP INC,Communication,NYSE
WGS,WGS,GENEDX HOLDINGS CORP CLASS A,Health Care,NASDAQ
AMSC,AMSC,AMERICAN SUPERCONDUCTOR CORP,Industrials,NASDAQ
DLO,DLO,DLOCAL CLASS A,Financials,NASDAQ
CRI,CRI,CARTERS INC,Consumer Discretionary,NYSE
BBAI,BBAI,BIGBEAR.AI HOLDINGS INC,Information Technology,NYSE
ACVA,ACVA,ACV AUCTIONS INC CLASS A,Industrials,NYSE
LEG,LEG,LEGGETT & PLATT INC,Consumer Discretionary,NYSE
NAT,NAT,NORDIC AMERICAN TANKERS LTD,Energy,NYSE
TMP,TMP,TOMPKINS FINANCIAL CORP,Financials,NYSE American
WABC,WABC,WESTAMERICA BANCORPORATION,Financials,NASDAQ
UVV,UVV,UNIVERSAL CORP,Consumer Staples,NYSE
AMN,AMN,AMN HEALTHCARE INC,Health Care,NYSE
VSTS,VSTS,VESTIS CORP,Industrials,NYSE
UAA,UAA,UNDER ARMOUR INC CLASS A,Consumer Discretionary,NYSE
ORC,ORC,ORCHID ISLAND CAPITAL INC,Financials,NYSE
SCSC,SCSC,SCANSOURCE INC,Information Technology,NASDAQ
FLO,FLO,FLOWERS FOODS INC,Consumer Staples,NYSE
SLDE,SLDE,SLIDE INSURANCE HOLDINGS INC,Financials,NASDAQ
THRM,THRM,GENTHERM INC,Consumer Discretionary,NASDAQ
GIII,GIII,G III APPAREL GROUP LTD,Consumer Discretionary,NASDAQ
NN,NN,NEXTNAV INC,Information Technology,NASDAQ
REAL,REAL,THE REALREAL INC,Consumer Discretionary,NASDAQ
IMKTA,IMKTA,INGLES MARKETS INC CLASS A,Consumer Staples,NASDAQ
CTBI,CTBI,COMMUNITY TRUST BANCORP INC,Financials,NASDAQ
ECVT,ECVT,ECOVYST INC,Materials,NYSE
BLFS,BLFS,BIOLIFE SOLUTIONS INC,Health Care,NASDAQ
TNDM,TNDM,TANDEM DIABETES CARE INC,Health Care,NASDAQ
TIC,TIC,TIC SOLUTIONS INC,Industrials,NYSE
ENR,ENR,ENERGIZER HOLDINGS INC,Consumer Staples,NYSE
RAPP,RAPP,RAPPORT THERAPEUTICS INC,Health Care,NASDAQ
ETON,ETON,ETON PHARMACEUTCIALS INC,Health Care,NASDAQ
CBRL,CBRL,CRACKER BARREL OLD COUNTRY STORE I,Consumer Discretionary,NASDAQ
UVSP,UVSP,UNIVEST FINANCIAL CORP,Financials,NASDAQ
AMPX,AMPX,AMPRIUS TECHNOLOGIES INC,Industrials,NYSE
FMBH,FMBH,FIRST MID BANCSHARES INC,Financials,NASDAQ
TWO,TWO,TWO HARBORS INVESTMENT CORP,Financials,NYSE
HLX,HLX,HELIX ENERGY SOLUTIONS GROUP INC,Energy,NYSE
ROCK,ROCK,GIBRALTAR INDUSTRIES INC,Industrials,NASDAQ
EPC,EPC,EDGEWELL PERSONAL CARE,Consumer Staples,NYSE
ALNT,ALNT,ALLIENT INC,Industrials,NASDAQ
BY,BY,BYLINE BANCORP INC,Financials,NYSE
FCEL,FCEL,FUELCELL ENERGY INC,Industrials,NASDAQ
HLF,HLF,HERBALIFE LTD,Consumer Staples,NYSE
OSBC,OSBC,OLD SECOND BANCORP INC,Financials,NASDAQ
SLVM,SLVM,SYLVAMO CORP,Materials,NYSE
LINC,LINC,LINCOLN EDUCATIONAL SERVICES CORP,Consumer Discretionary,NASDAQ
SGRY,SGRY,SURGERY PARTNERS INC,Health Care,NASDAQ
XPRO,XPRO,EXPRO LTD,Energy,NYSE
REX,REX,REX AMERICAN RESOURCES CORP,Energy,NYSE
PDM,PDM,PIEDMONT REALTY TRUST INC CLASS A,Real Estate,NYSE
BW,BW,BABCOCK AND WILCOX ENTERPRISES INC,Industrials,NYSE
UMH,UMH,UMH PROPERTIES INC,Real Estate,NYSE
MNKD,MNKD,MANNKIND CORP,Health Care,NASDAQ
AORT,AORT,ARTIVION INC,Health Care,NYSE
HROW,HROW,HARROW INC,Health Care,NASDAQ
EOSE,EOSE,EOS ENERGY ENTERPRISES INC CLASS A,Industrials,NASDAQ
NSSC,NSSC,NAPCO SECURITY TECHNOLOGIES INC,Information Technology,NASDAQ
HLIT,HLIT,HARMONIC INC,Information Technology,NASDAQ
HFWA,HFWA,HERITAGE FINANCIAL CORP,Financials,NASDAQ
MYE,MYE,MYERS INDUSTRIES INC,Materials,NYSE
VOYG,VOYG,VOYAGER TECHNOLOGIES INC CLASS A,Industrials,NYSE
USLM,USLM,UNITED STATES LIME AND MINERALS IN,Materials,NASDAQ
ARDX,ARDX,ARDELYX INC,Health Care,NASDAQ
AI,AI,C3 AI INC CLASS A,Information Technology,NYSE
NWPX,NWPX,NWPX INFRASTRUCTURE INC,Industrials,NASDAQ
USPH,USPH,US PHYSICAL THERAPY INC,Health Care,NYSE
PLGO,PLGO,PELAGOS INSURANCE CAPITAL LTD,Financials,NYSE
SAH,SAH,SONIC AUTOMOTIVE INC CLASS A,Consumer Discretionary,NYSE
SKYT,SKYT,SKYWATER TECHNOLOGY INC,Information Technology,NASDAQ
AZTA,AZTA,AZENTA INC,Health Care,NASDAQ
AGL,AGL,AGILON HEALTH,Health Care,NYSE
AAT,AAT,AMERICAN ASSETS TRUST REIT INC,Real Estate,NYSE
TYRA,TYRA,TYRA BIOSCIENCES INC,Health Care,NASDAQ
RYZ,RYZ,RYERSON HOLDING CORP,Materials,NYSE
SBET,SBET,SHARPLINK INC,Consumer Discretionary,NASDAQ
TDOC,TDOC,TELADOC HEALTH INC,Health Care,NYSE
GPRE,GPRE,GREEN PLAINS INC,Energy,NASDAQ
INVX,INVX,INNOVEX INTERNATIONAL INC,Energy,NYSE
GBTG,GBTG,GLOBAL BUSINESS TRAVEL GROUP INC A,Consumer Discretionary,NYSE
ATEC,ATEC,ALPHATEC HOLDNGS INC,Health Care,NASDAQ
ALKT,ALKT,ALKAMI TECHNOLOGY INC,Information Technology,NASDAQ
ASTE,ASTE,ASTEC INDUSTRIES INC,Industrials,NASDAQ
WEN,WEN,WENDYS,Consumer Discretionary,NASDAQ
NBR,NBR,NABORS INDUSTRIES LTD,Energy,NYSE
TDAY,TDAY,USA TODAY INC,Communication,NYSE
FLNC,FLNC,FLUENCE ENERGY INC CLASS A,Industrials,NASDAQ
VTOL,VTOL,BRISTOW GROUP INC,Energy,NYSE
VYX,VYX,NCR VOYIX CORP,Information Technology,NYSE
COLL,COLL,COLLEGIUM PHARMACEUTICAL INC,Health Care,NASDAQ
DLX,DLX,DELUXE CORP,Industrials,NYSE
LGIH,LGIH,LGI HOMES INC,Consumer Discretionary,NASDAQ
AMBQ,AMBQ,AMBIQ MICRO INC,Information Technology,NYSE
NP,NP,NEPTUNE INSURANCE HOLDINGS INC CLA,Financials,NYSE
WS,WS,WORTHINGTON STEEL INC,Materials,NYSE
JJSF,JJSF,J AND J SNACK FOODS CORP,Consumer Staples,NASDAQ
INFQ,INFQ,INFLEQTION INC,Information Technology,NYSE
IART,IART,INTEGRA LIFESCIENCES HOLDINGS CORP,Health Care,NASDAQ
DFIN,DFIN,DONNELLEY FINANCIAL SOLUTIONS INC,Financials,NYSE
UFCS,UFCS,UNITED FIRE GROUP INC,Financials,NASDAQ
COUR,COUR,COURSERA INC,Consumer Discretionary,NYSE
BCAX,BCAX,BICARA THERAPEUTICS INC,Health Care,NASDAQ
AVBP,AVBP,ARRIVENT BIOPHARMA INC,Health Care,NASDAQ
BHRB,BHRB,BURKE HERBERT FINANCIAL SERVICES C,Financials,NASDAQ
EFOR,EFOR,EVERFORTH INC,Information Technology,NYSE
CRAI,CRAI,CRA INTERNATIONAL INC,Industrials,NASDAQ
DOLE,DOLE,DOLE PLC,Consumer Staples,NYSE
BAND,BAND,BANDWIDTH INC CLASS A,Communication,NASDAQ
UA,UA,UNDER ARMOUR INC CLASS C,Consumer Discretionary,NYSE
CBL,CBL,CBL ASSOCIATES PROPERTIES INC,Real Estate,NYSE
ALH,ALH,ALLIANCE LAUNDRY HOLDINGS INC,Industrials,NYSE
CVI,CVI,CVR ENERGY INC,Energy,NYSE
XPEL,XPEL,XPEL INC,Consumer Discretionary,NASDAQ
UVE,UVE,UNIVERSAL INSURANCE HOLDINGS INC,Financials,NYSE
QDEL,QDEL,QUIDELORTHO CORP,Health Care,NASDAQ
PGEN,PGEN,PRECIGEN INC,Health Care,NASDAQ
LNN,LNN,LINDSAY CORP,Industrials,NYSE
IE,IE,IVANHOE ELECTRIC INC,Materials,NYSE American
OI,OI,O I GLASS INC,Materials,NYSE
SNDA,SNDA,SONIDA SENIOR LIVING INC,Health Care,NYSE
NEXT,NEXT,NEXTDECADE CORP,Energy,NASDAQ
NVAX,NVAX,NOVAVAX INC,Health Care,NASDAQ
UPWK,UPWK,UPWORK INC,Industrials,NASDAQ
TGLS,TGLS,TECNOGLASS INC,Industrials,NYSE
TRAX,TRAX,FIRST TRACKS BIOTHERAPEUTICS INC,Health Care,NASDAQ
VRTS,VRTS,VIRTUS INVESTMENT PARTNERS INC,Financials,NYSE
UPBD,UPBD,UPBOUND GROUP INC,Consumer Discretionary,NASDAQ
LADR,LADR,LADDER CAPITAL CORP CLASS A,Financials,NYSE
MBWM,MBWM,MERCANTILE BANK CORP,Financials,NASDAQ
AHCO,AHCO,ADAPTHEALTH CORP,Health Care,NASDAQ
HYMC,HYMC,HYCROFT MINING HOLDING CORP CLASS,Materials,NASDAQ
BFST,BFST,BUSINESS FIRST BANCSHARES INC,Financials,NASDAQ
HOG,HOG,HARLEY DAVIDSON INC,Consumer Discretionary,NYSE
ANAB,ANAB,ANAPTYSBIO INC,Health Care,NASDAQ
DEA,DEA,EASTERLY GOVERNMENT PROPERTIES INC,Real Estate,NYSE
CFFN,CFFN,CAPITOL FEDERAL FINANCIAL INC,Financials,NASDAQ
PUMP,PUMP,PROPETRO HOLDING CORP,Energy,NYSE
CCNE,CCNE,CNB FINANCIAL CORP,Financials,NASDAQ
GCT,GCT,GIGACLOUD TECHNOLOGY INC CLASS A,Consumer Discretionary,NASDAQ
CIM,CIM,CHIMERA INVESTMENT CORP,Financials,NYSE
VIR,VIR,VIR BIOTECHNOLOGY INC,Health Care,NASDAQ
VPG,VPG,VISHAY PRECISION GROUP INC,Information Technology,NYSE
HBNC,HBNC,HORIZON BANCORP INC,Financials,NASDAQ
ATEX,ATEX,ANTERIX INC,Communication,NASDAQ
IDT,IDT,IDT CORP CLASS B,Communication,NYSE
PRSU,PRSU,PURSUIT ATTRACTIONS AND HOSPITALIT,Consumer Discretionary,NYSE
PCRX,PCRX,PACIRA BIOSCIENCES INC,Health Care,NASDAQ
RVLV,RVLV,REVOLVE GROUP CLASS A INC,Consumer Discretionary,NYSE
LCID,LCID,LUCID GROUP INC,Consumer Discretionary,NASDAQ
CGEM,CGEM,CULLINAN THERAPEUTICS INC,Health Care,NASDAQ
CDNL,CDNL,CARDINAL INFRASTRUCTURE GROUP INC,Industrials,NASDAQ
MCB,MCB,METROPOLITAN BANK HOLDING CORP,Financials,NYSE
APPN,APPN,APPIAN CORP CLASS A,Information Technology,NASDAQ
CNXC,CNXC,CONCENTRIX CORP,Industrials,NASDAQ
PWP,PWP,PERELLA WEINBERG PARTNERS CLASS A,Financials,NASDAQ
ZYME,ZYME,ZYMEWORKS INC,Health Care,NASDAQ
CNXN,CNXN,PC CONNECTION INC,Information Technology,NASDAQ
ABSI,ABSI,ABSCI CORP,Health Care,NASDAQ
THFF,THFF,FIRST FINANCIAL CORPORATION CORP,Financials,NASDAQ
VIA,VIA,VIA TRANSPORTATION INC CLASS A,Information Technology,NYSE
TRS,TRS,TRIMAS CORP,Materials,NASDAQ
CAC,CAC,CAMDEN NATIONAL CORP,Financials,NASDAQ
LIF,LIF,LIFE360 INC,Information Technology,NASDAQ
UTZ,UTZ,UTZ BRANDS INC CLASS A,Consumer Staples,NYSE
AIP,AIP,ARTERIS INC,Information Technology,NASDAQ
WLDN,WLDN,WILLDAN GROUP INC,Industrials,NASDAQ
NPKI,NPKI,NPK INTERNATIONAL INC,Industrials,NYSE
FMNB,FMNB,FARMERS NATIONAL BANC CORP,Financials,NASDAQ
MSEX,MSEX,MIDDLESEX WATER,Utilities,NASDAQ
AMAL,AMAL,AMALGAMATED FINANCIAL CORP,Financials,NASDAQ
PRCT,PRCT,PROCEPT BIOROBOTICS CORP,Health Care,NASDAQ
AMTB,AMTB,AMERANT BANCORP INC CLASS A,Financials,NYSE
PZZA,PZZA,PAPA JOHNS INTERNATIONAL INC,Consumer Discretionary,NASDAQ
BRSL,BRSL,BRIGHTSTAR LOTTERY PLC,Consumer Discretionary,NYSE
GHM,GHM,GRAHAM CORP,Industrials,NYSE
LILAK,LILAK,LIBERTY LATIN AMERICA LTD CLASS C,Communication,NASDAQ
PLOW,PLOW,DOUGLAS DYNAMICS INC,Industrials,NYSE
EYPT,EYPT,EYEPOINT INC,Health Care,NASDAQ
FIGS,FIGS,FIGS INC CLASS A,Consumer Discretionary,NYSE
TTI,TTI,TETRA TECHNOLOGIES INC,Energy,NYSE
DMC,DMC,DEL MONTE CORP,Consumer Staples,NYSE
FSUN,FSUN,FIRSTSUN CAPITAL BANCORP,Financials,NASDAQ
FG,FG,F&G ANNUITIES AND LIFE INC,Financials,NYSE
WMK,WMK,WEIS MARKETS INC,Consumer Staples,NYSE
MAZE,MAZE,MAZE THERAPEUTICS INC,Health Care,NASDAQ
SMP,SMP,STANDARD MOTOR PRODUCTS INC,Consumer Discretionary,NYSE
FLNG,FLNG,FLEX LNG LTD,Energy,NYSE
WINA,WINA,WINMARK CORP,Consumer Discretionary,NASDAQ
ODC,ODC,OIL DRI CORPORATION OF AMERICA,Consumer Staples,NYSE
LWLG,LWLG,LIGHTWAVE LOGIC INC,Information Technology,NASDAQ
PMT,PMT,PENNYMAC MORTGAGE INVESTMENT TRUST,Financials,NYSE
KFRC,KFRC,KFORCE INC,Industrials,NYSE
CSR,CSR,CENTERSPACE,Real Estate,NYSE
EIG,EIG,EMPLOYERS HOLDINGS INC,Financials,NYSE
LZ,LZ,LEGALZOOM COM INC,Industrials,NASDAQ
BBSI,BBSI,BARRETT BUSINESS SERVICES INC,Industrials,NASDAQ
CMP,CMP,COMPASS MINERALS INTERNATIONAL INC,Materials,NYSE
CCO,CCO,CLEAR CHANNEL OUTDOOR HOLDINGS INC,Communication,NYSE
ESQ,ESQ,ESQUIRE FINANCIAL HOLDINGS INC,Financials,NASDAQ
CDRE,CDRE,CADRE HOLDINGS INC,Industrials,NYSE
BORR,BORR,BORR DRILLING LTD,Energy,NYSE
UTL,UTL,UNITIL CORP,Utilities,NYSE
COTY,COTY,COTY INC CLASS A,Consumer Staples,NYSE
NBN,NBN,NORTHEAST BANK,Financials,NASDAQ
SVC,SVC,SERVICE PROPERTIES TRUST,Real Estate,NASDAQ
TRST,TRST,TRUSTCO BANK CORP,Financials,NASDAQ
SBSI,SBSI,SOUTHSIDE BANCSHARES INC,Financials,NYSE
BV,BV,BRIGHTVIEW HOLDINGS INC,Industrials,NYSE
UMAC,UMAC,UNUSUAL MACHINES INC,Information Technology,NYSE American
MFA,MFA,MFA FINANCIAL INC,Financials,NYSE
PLPC,PLPC,PREFORMED LINE PRODUCTS,Industrials,NASDAQ
NBBK,NBBK,NB BANCORP INC,Financials,NASDAQ
EE,EE,EXCELERATE ENERGY INC CLASS A,Energy,NYSE
APPS,APPS,DIGITAL TURBINE INC,Information Technology,NASDAQ
OLMA,OLMA,OLEMA PHARMACEUTICALS INC,Health Care,NASDAQ
VERX,VERX,VERTEX INC CLASS A,Information Technology,NASDAQ
PCT,PCT,PURECYCLE TECHNOLOGIES INC,Materials,NASDAQ
ZBIO,ZBIO,ZENAS BIOPHARMA INC,Health Care,NASDAQ
DEC,DEC,DIVERSIFIED ENERGY COMPANY,Energy,NYSE
CEVA,CEVA,CEVA INC,Information Technology,NASDAQ
LBRX,LBRX,LB PHARMACEUTICALS INC,Health Care,NASDAQ
SAFE,SAFE,SAFEHOLD INC,Real Estate,NYSE
FISI,FISI,FINANCIAL INSTITUTIONS INC,Financials,NASDAQ
MUX,MUX,MCEWEN INC,Materials,NYSE
LQDT,LQDT,LIQUIDITY SERVICES INC,Industrials,NASDAQ
APEI,APEI,AMERICAN PUBLIC EDUCATION INC,Consumer Discretionary,NASDAQ
CRK,CRK,COMSTOCK RESOURCES INC,Energy,NYSE
EQBK,EQBK,EQUITY BANCSHARES INC CLASS A,Financials,NYSE
CERT,CERT,CERTARA INC,Health Care,NASDAQ
KOP,KOP,KOPPERS HOLDINGS INC,Materials,NYSE
CRVS,CRVS,CORVUS PHARMACEUTICALS INC,Health Care,NASDAQ
PRKS,PRKS,UNITED PARKS AND RESORTS INC,Consumer Discretionary,NYSE
HAFC,HAFC,HANMI FINANCIAL CORP,Financials,NASDAQ
EVLV,EVLV,EVOLV TECHNOLOGIES HOLDINGS INC CL,Information Technology,NASDAQ
STGW,STGW,STAGWELL INC CLASS A,Communication,NASDAQ
ORRF,ORRF,ORRSTOWN FINANCIAL SERVICES INC,Financials,NASDAQ
VOR,VOR,VOR BIOPHARMA INC,Health Care,NASDAQ
CPF,CPF,CENTRAL PACIFIC FINANCIAL CORP,Financials,NYSE
BUR,BUR,BURFORD CAPITAL LTD,Financials,NYSE
SDGR,SDGR,SCHRODINGER INC,Health Care,NASDAQ
RBCAA,RBCAA,REPUBLIC BANCORP INC CLASS A,Financials,NASDAQ
BIOA,BIOA,BIOAGE LABS INC,Health Care,NASDAQ
SMPL,SMPL,THE SIMPLY GOOD FOODS COMPANY,Consumer Staples,NASDAQ
ORIC,ORIC,ORIC PHARMACEUTICALS INC,Health Care,NASDAQ
DRVN,DRVN,DRIVEN BRANDS HOLDINGS INC,Consumer Discretionary,NASDAQ
SION,SION,SIONNA THERAPEUTICS INC,Health Care,NASDAQ
MRTN,MRTN,MARTEN TRANSPORT LTD,Industrials,NASDAQ
GO,GO,GROCERY OUTLET HOLDING CORP,Consumer Staples,NASDAQ
WGO,WGO,WINNEBAGO INDUSTRIES INC,Consumer Discretionary,NYSE
OMER,OMER,OMEROS CORP,Health Care,NASDAQ
TRUP,TRUP,TRUPANION INC,Financials,NASDAQ
PD,PD,PAGERDUTY INC,Information Technology,NYSE
APOG,APOG,APOGEE ENTERPRISES INC,Industrials,NASDAQ
AESI,AESI,ATLAS ENERGY SOLUTIONS INC,Energy,NYSE
QNST,QNST,QUINSTREET INC,Communication,NASDAQ
SVRA,SVRA,SAVARA INC,Health Care,NASDAQ
GNK,GNK,GENCO SHIPPING AND TRADING LTD,Industrials,NYSE
JBGS,JBGS,JBG SMITH PROPERTIES,Real Estate,NYSE
GOLD,GOLD,GOLD INC,Consumer Discretionary,NYSE
MPB,MPB,MID PENN BANCORP INC,Financials,NASDAQ
MATW,MATW,MATTHEWS INTERNATIONAL CORP CLASS,Consumer Discretionary,NASDAQ
SMBK,SMBK,SMARTFINANCIAL INC,Financials,NYSE
AMPL,AMPL,AMPLITUDE INC CLASS A,Information Technology,NASDAQ
PSNL,PSNL,PERSONALIS INC,Health Care,NASDAQ
SHBI,SHBI,SHORE BANCSHARES INC,Financials,NASDAQ
WLFC,WLFC,WILLIS LEASE FINANCE CORP,Industrials,NASDAQ
ENVX,ENVX,ENOVIX CORP,Industrials,NASDAQ
MCBS,MCBS,METROCITY BANKSHARES INC,Financials,NASDAQ
RCAT,RCAT,RED CAT HOLDINGS INC,Industrials,NASDAQ
GTM,GTM,ZOOMINFO TECHNOLOGIES INC,Communication,NASDAQ
ANNX,ANNX,ANNEXON INC,Health Care,NASDAQ
STAA,STAA,STAAR SURGICAL,Health Care,NASDAQ
NX,NX,QUANEX BUILDING PRODUCTS CORP,Industrials,NYSE
FWRG,FWRG,FIRST WATCH RESTAURANT GROUP INC,Consumer Discretionary,NASDAQ
AVTX,AVTX,AVALO THERAPEUTICS INC,Health Care,NASDAQ
ALRS,ALRS,ALERUS FINANCIAL CORP,Financials,NASDAQ
CARE,CARE,CARTER BANKSHARES INC,Financials,NASDAQ
DJCO,DJCO,DAILY JOURNAL CORP,Information Technology,NASDAQ
INBX,INBX,INHIBRX BIOSCIENCES INC,Health Care,NASDAQ
CSTL,CSTL,CASTLE BIOSCIENCES INC,Health Care,NASDAQ
PURR,PURR,HYPERLIQUID STRATEGIES INC,Health Care,NASDAQ
FCBC,FCBC,FIRST COMMUNITY BANKSHARES INC,Financials,NASDAQ
FSBC,FSBC,FIVE STAR BANCORP,Financials,NASDAQ
NVGS,NVGS,NAVIGATOR HOLDINGS LTD,Energy,NYSE
EGBN,EGBN,EAGLE BANCORP INC,Financials,NASDAQ
BZH,BZH,BEAZER HOMES INC,Consumer Discretionary,NYSE
WVE,WVE,WAVE LIFE SCIENCES LTD,Health Care,NASDAQ
KURA,KURA,KURA ONCOLOGY INC,Health Care,NASDAQ
IRMD,IRMD,IRADIMED CORP,Health Care,NASDAQ
HTB,HTB,HOMETRUST BANCSHARES INC,Financials,NYSE
SIBN,SIBN,SI BONE INC,Health Care,NASDAQ
PTRN,PTRN,PATTERN GROUP INC SERIES A,Consumer Discretionary,NASDAQ
VRRM,VRRM,VERRA MOBILITY CORP CLASS A,Industrials,NASDAQ
RDVT,RDVT,RED VIOLET INC,Information Technology,NASDAQ
SEPN,SEPN,SEPTERNA INC,Health Care,NASDAQ
IBCP,IBCP,INDEPENDENT BANK CORP,Financials,NASDAQ
MITK,MITK,MITEK SYSTEMS INC,Information Technology,NASDAQ
TRNS,TRNS,TRANSCAT INC,Industrials,NASDAQ
LMB,LMB,LIMBACH HOLDINGS INC,Industrials,NASDAQ
AOSL,AOSL,ALPHA AND OMEGA SEMICONDUCTOR LTD,Information Technology,NASDAQ
WASH,WASH,WASHINGTON TRUST BANCORP INC,Financials,NASDAQ
DAKT,DAKT,DAKTRONICS INC,Information Technology,NASDAQ
BKV,BKV,BKV CORP,Energy,NYSE
KLRA,KLRA,KAILERA THERAPEUTICS INC,Health Care,NASDAQ
MRVI,MRVI,MARAVAI LIFESCIENCES HOLDINGS INC,Health Care,NASDAQ
FOXF,FOXF,FOX FACTORY HOLDING CORP,Consumer Discretionary,NASDAQ
BLMN,BLMN,BLOOMIN BRANDS INC,Consumer Discretionary,NASDAQ
PAHC,PAHC,PHIBRO ANIMAL HEALTH CORP CLASS A,Health Care,NASDAQ
GCMG,GCMG,GCM GROSVENOR INC CLASS A,Financials,NASDAQ
HPP,HPP,HUDSON PACIFIC PROPERTIES REIT INC,Real Estate,NYSE
LYTS,LYTS,LSI INDUSTRIES INC,Industrials,NASDAQ
ASST,ASST,STRIVE INC CLASS A,Health Care,NASDAQ
ASAN,ASAN,ASANA INC CLASS A,Information Technology,NYSE
FIZZ,FIZZ,NATIONAL BEVERAGE CORP,Consumer Staples,NASDAQ
PGC,PGC,PEAPACK GLADSTONE FINANCIAL CORP,Financials,NASDAQ
CASS,CASS,CASS INFORMATION SYSTEMS INC,Financials,NASDAQ
AVAH,AVAH,AVEANNA HEALTHCARE HOLDINGS INC,Health Care,NASDAQ
SENEA,SENEA,SENECA FOODS CORP CLASS A,Consumer Staples,NASDAQ
HRTG,HRTG,HERITAGE INSURANCE HOLDINGS INC,Financials,NYSE
ROOT,ROOT,ROOT INC CLASS A,Financials,NASDAQ
ADAM,ADAM,ADAMAS INC TRUST,Financials,NASDAQ
SMBC,SMBC,SOUTHERN MISSOURI BANCORP INC,Financials,NASDAQ
CYRX,CYRX,CRYOPORT INC,Health Care,NASDAQ
CCBG,CCBG,CAPITAL CITY BANK INC,Financials,NASDAQ
TALK,TALK,TALKSPACE INC,Health Care,NASDAQ
BKSY,BKSY,BLACKSKY TECHNOLOGY INC CLASS A,Industrials,NYSE
TE,TE,T1 ENERGY INC,Information Technology,NYSE
EVC,EVC,ENTRAVISION COMMUNICATIONS CORP CL,Communication,NYSE
NUTX,NUTX,NUTEX HEALTH INC,Health Care,NASDAQ
TROX,TROX,TRONOX HOLDINGS PLC,Materials,NYSE
GRDN,GRDN,GUARDIAN PHARMACY SERVICES INC CLA,Health Care,NYSE
BLZE,BLZE,BACKBLAZE INC CLASS A,Information Technology,NASDAQ
GERN,GERN,GERON CORP,Health Care,NASDAQ
ABR,ABR,ARBOR REALTY TRUST REIT INC,Financials,NYSE
GDOT,GDOT,GREEN DOT CORP CLASS A,Financials,NYSE
INN,INN,SUMMIT HOTEL PROPERTIES REIT INC,Real Estate,NYSE
RUSHB,RUSHB,RUSH ENTERPRISES INC CLASS B,Industrials,NASDAQ
ANRO,ANRO,ALTO NEUROSCIENCE INC,Health Care,NYSE
CTO,CTO,CTO REALTY GROWTH INC,Real Estate,NYSE
MTUS,MTUS,METALLUS INC,Materials,NYSE
PFIS,PFIS,PEOPLES FINANCIAL SERVICES CORP,Financials,NASDAQ
SXC,SXC,SUNCOKE ENERGY INC,Materials,NYSE
BHB,BHB,BAR HARBOR BANKSHARES,Financials,NYSE American
NNE,NNE,NANO NUCLEAR ENERGY INC,Industrials,NASDAQ
ARRY,ARRY,ARRAY TECHNOLOGIES INC,Industrials,NASDAQ
ESRT,ESRT,EMPIRE STATE REALTY REIT INC TRUST,Real Estate,NYSE
GLIBK,GLIBK,LIBERTY CAPITAL CORP SERIES C,Communication,NASDAQ
PAX,PAX,PATRIA INVESTMENTS LTD CLASS A,Financials,NASDAQ
AVO,AVO,MISSION PRODUCE INC,Consumer Staples,NASDAQ
CMRE,CMRE,COSTAMARE INC,Industrials,NYSE
CSIQ,CSIQ,CANADIAN SOLAR INC,Information Technology,NASDAQ
PFBC,PFBC,PREFERRED BANK,Financials,NASDAQ
SPFI,SPFI,SOUTH PLAINS FINANCIAL INC,Financials,NASDAQ
MGTX,MGTX,MEIRAGTX HOLDINGS PLC,Health Care,NASDAQ
AROW,AROW,ARROW FINANCIAL CORP,Financials,NASDAQ
EVER,EVER,EVERQUOTE INC CLASS A,Communication,NASDAQ
IVR,IVR,INVESCO MORTGAGE CAPITAL REIT INC,Financials,NYSE
MMI,MMI,MARCUS & MILLICHAP INC,Real Estate,NYSE
RIGL,RIGL,RIGEL PHARMACEUTICALS INC,Health Care,NASDAQ
OMDA,OMDA,OMADA HEALTH INC,Health Care,NASDAQ
PAR,PAR,PAR TECHNOLOGY CORP,Information Technology,NYSE
UAMY,UAMY,UNITED STATES ANTIMONY CORP,Materials,NYSE
FLOC,FLOC,FLOWCO HOLDINGS INC CLASS A,Energy,NYSE
ABUS,ABUS,ARBUTUS BIOPHARMA CORP,Health Care,NASDAQ
SG,SG,SWEETGREEN INC CLASS A,Consumer Discretionary,NYSE
HZO,HZO,MARINEMAX INC,Consumer Discretionary,NYSE
CLVT,CLVT,CLARIVATE PLC,Industrials,NYSE
CODI,CODI,COMPASS DIVERSIFIED,Financials,NYSE
ZGN,ZGN,ERMENEGILDO ZEGNA NV,Consumer Discretionary,NYSE
ACNB,ACNB,ACNB CORP,Financials,NASDAQ
WOLF,WOLF,WOLFSPEED INC,Information Technology,NYSE
MCS,MCS,THE MARCUS CORP,Communication,NYSE
ONT,ONT,ONTERRIS INC,Industrials,NYSE
TCBX,TCBX,THIRD COAST BANCSHARES INC,Financials,NYSE
HSTM,HSTM,HEALTHSTREAM INC,Health Care,NASDAQ
MAMA,MAMA,MAMAS CREATIONS INC,Consumer Staples,NASDAQ
JBI,JBI,JANUS INTERNATIONAL GROUP INC,Industrials,NYSE
TBPH,TBPH,THERAVANCE BIOPHARMA INC,Health Care,NASDAQ
AMRC,AMRC,AMERESCO INC CLASS A,Industrials,NYSE
GSBC,GSBC,GREAT SOUTHERN BANCORP INC,Financials,NASDAQ
CXM,CXM,SPRINKLR INC CLASS A,Information Technology,NYSE
AMBP,AMBP,ARDAGH METAL PACKAGING SA,Materials,NYSE
AVR,AVR,ANTERIS TECHNOLOGIES GLOBAL CORP,Health Care,NASDAQ
INDI,INDI,INDIE SEMICONDUCTOR INC CLASS A,Information Technology,NASDAQ
JANX,JANX,JANUX THERAPEUTICS INC,Health Care,NASDAQ
ARX,ARX,ACCELERANT HOLDINGS CLASS A,Financials,NYSE
SWBI,SWBI,SMITH WESSON BRANDS INC,Consumer Discretionary,NASDAQ
RUM,RUM,RUM GROUP INC CLASS A,Communication,NASDAQ
SLDB,SLDB,SOLID BIOSCIENCES INC,Health Care,NASDAQ
PRAA,PRAA,PRA GROUP INC,Financials,NASDAQ
GRPN,GRPN,GROUPON INC,Consumer Discretionary,NASDAQ
AMPH,AMPH,AMPHASTAR PHARMACEUTICALS INC,Health Care,NASDAQ
SCHL,SCHL,SCHOLASTIC CORP,Communication,NASDAQ
TBLA,TBLA,TABOOLA.COM LTD,Communication,NASDAQ
LXU,LXU,LSB INDUSTRIES INC,Materials,NYSE
NHP,NHP,NATIONAL HEALTHCARE PROPERTIES INC,Real Estate,NASDAQ
MCHB,MCHB,MECHANICS BANCORP CLASS A,Financials,NASDAQ
JBSS,JBSS,JOHN B SANFILIPPO AND SON INC,Consumer Staples,NASDAQ
PLSE,PLSE,PULSE BIOSCIENCES INC,Health Care,NASDAQ
JBIO,JBIO,JADE BIOSCIENCES INC,Health Care,NASDAQ
MSBI,MSBI,MIDLAND STATES BANCORP INC,Financials,NASDAQ
CCSI,CCSI,CONSENSUS CLOUD SOLUTIONS INC,Information Technology,NASDAQ
CCOI,CCOI,COGENT COMMUNICATIONS HOLDINGS INC,Communication,NASDAQ
ADTN,ADTN,ADTRAN HOLDINGS INC,Information Technology,NASDAQ
SABR,SABR,SABRE CORP,Consumer Discretionary,NASDAQ
TCMD,TCMD,TACTILE SYSTEMS TECHNOLOGY INC,Health Care,NASDAQ
HELE,HELE,HELEN OF TROY LTD,Consumer Discretionary,NASDAQ
NPK,NPK,NATIONAL PRESTO INDUSTRIES INC,Industrials,NYSE
CIVB,CIVB,CIVISTA BANCSHARES INC,Financials,NASDAQ
HIPO,HIPO,HIPPO HOLDINGS INC,Financials,NYSE
MLR,MLR,MILLER INDUSTRIES INC,Industrials,NYSE
RPD,RPD,RAPID7 INC,Information Technology,NASDAQ
TK,TK,TEEKAY CORPORATION CORP LTD,Energy,NYSE
BVS,BVS,BIOVENTUS CLASS A INC,Health Care,NASDAQ
ACRS,ACRS,ACLARIS THERAPEUTICS INC,Health Care,NASDAQ
KOPN,KOPN,KOPIN CORP,Information Technology,NASDAQ
CWBC,CWBC,COMMUNITY WEST BANCSHARES,Financials,NASDAQ
KRNY,KRNY,KEARNY FINANCIAL CORP,Financials,NASDAQ
CADL,CADL,CANDEL THERAPEUTICS INC,Health Care,NASDAQ
PSTL,PSTL,POSTAL REALTY TRUST INC CLASS A,Real Estate,NYSE
TDUP,TDUP,THREDUP INC CLASS A,Consumer Discretionary,NASDAQ
NXRT,NXRT,NEXPOINT RESIDENTIAL TRUST INC,Real Estate,NYSE
AMSF,AMSF,AMERISAFE INC,Financials,NASDAQ
GOOD,GOOD,GLADSTONE COMMERCIAL REIT CORP,Real Estate,NASDAQ
KMTS,KMTS,KESTRA MEDICAL TECHNOLOGIES LTD,Health Care,NASDAQ
HOV,HOV,HOVNANIAN ENTERPRISES INC CLASS A,Consumer Discretionary,NYSE
PKE,PKE,PARK AEROSPACE CORP,Industrials,NYSE
NB,NB,NIOCORP DEVELOPMENTS LTD,Materials,NASDAQ
ACEL,ACEL,ACCEL ENTERTAINMENT INC CLASS A,Consumer Discretionary,NYSE
CLDT,CLDT,CHATHAM LODGING TRUST REIT,Real Estate,NYSE
ASC,ASC,ARDMORE SHIPPING CORP,Energy,NYSE
IRWD,IRWD,IRONWOOD PHARMA INC CLASS A,Health Care,NASDAQ
CTOS,CTOS,CUSTOM TRUCK ONE SOURCE INC,Industrials,NYSE
NRIM,NRIM,NORTHRIM BANCORP INC,Financials,NASDAQ
NTGR,NTGR,NETGEAR INC,Information Technology,NASDAQ
ALX,ALX,ALEXANDERS REIT INC,Real Estate,NYSE
BRSP,BRSP,BRIGHTSPIRE CAPITAL INC CLASS A,Financials,NYSE
SANA,SANA,SANA BIOTECHNOLOGY INC,Health Care,NASDAQ
FBRT,FBRT,FRANKLIN BSP REALTY TRUST INC,Financials,NYSE
SOC,SOC,SABLE OFFSHORE CORP CLASS A,Energy,NYSE
SBGI,SBGI,SINCLAIR INC CLASS A,Communication,NASDAQ
HBT,HBT,HBT FINANCIAL INC,Financials,NASDAQ
TH,TH,TARGET HOSPITALITY CORP,Consumer Discretionary,NASDAQ
KE,KE,KIMBALL ELECTRONICS INC,Information Technology,NASDAQ
ARKO,ARKO,ARKO,Consumer Discretionary,NASDAQ
MOV,MOV,MOVADO GROUP INC,Consumer Discretionary,NYSE
BETA,BETA,BETA TECHNOLOGIES INC CLASS A,Industrials,NYSE
CNNE,CNNE,CANNAE HOLDINGS INC,Financials,NYSE
ALT,ALT,ALTIMMUNE INC,Health Care,NASDAQ
TRTX,TRTX,TPG RE FINANCE TRUST INC,Financials,NYSE
CMCO,CMCO,COLUMBUS MCKINNON CORP,Industrials,NASDAQ
OSPN,OSPN,ONESPAN INC,Information Technology,NASDAQ
NVRI,NVRI,ENVIRI CORP,Industrials,NYSE
FBIZ,FBIZ,FIRST BUSINESS FINANCIAL SERVICES,Financials,NASDAQ
BBNX,BBNX,BETA BIONICS INC,Health Care,NASDAQ
CVLG,CVLG,COVENANT LOGISTICS GROUP INC CLASS,Industrials,NYSE
CTMX,CTMX,CYTOMX THERAPEUTICS INC,Health Care,NASDAQ
SFST,SFST,SOUTHERN FIRST BANCSHARES INC,Financials,NASDAQ
CSV,CSV,CARRIAGE SERVICES INC,Consumer Discretionary,NYSE
ODD,ODD,ODDITY TECH LTD CLASS A,Consumer Staples,NASDAQ
UHT,UHT,UNIVERSAL HEALTH REALTY INCOME TRU,Real Estate,NYSE
IIIN,IIIN,INSTEEL INDUSTRIES INC,Industrials,NYSE
SHEN,SHEN,SHENANDOAH TELECOMMUNICATIONS,Communication,NASDAQ
FOR,FOR,FORESTAR GROUP INC,Real Estate,NYSE
CERS,CERS,CERUS CORP,Health Care,NASDAQ
RWT,RWT,REDWOOD TRUST REIT INC,Financials,NYSE
LPTH,LPTH,LIGHTPATH TECHNOLOGIES INC CLASS A,Information Technology,NASDAQ
LXRX,LXRX,LEXICON PHARMACEUTICALS INC,Health Care,NASDAQ
NVEC,NVEC,NVE CORP,Information Technology,NASDAQ
EBF,EBF,ENNIS INC,Industrials,NYSE
ZVRA,ZVRA,ZEVRA THERAPEUTICS INC,Health Care,NASDAQ
BOW,BOW,BOWHEAD SPECIALTY HOLDINGS INC,Financials,NYSE
BCAL,BCAL,CALIFORNIA BANCORP,Financials,NASDAQ
RYAM,RYAM,RAYONIER ADVANCED MATERIALS INC,Materials,NYSE
KODK,KODK,EASTMAN KODAK,Information Technology,NYSE
CRMD,CRMD,CORMEDIX INC,Health Care,NASDAQ
DRUG,DRUG,BRIGHT MINDS BIOSCIENCES INC,Health Care,NASDAQ
RES,RES,RPC INC,Energy,NYSE
AHRT,AHRT,AH REALTY INC,Real Estate,NYSE
HBCP,HBCP,HOME BANCORP INC,Financials,NASDAQ
CARS,CARS,CARS.COM INC,Communication,NYSE
ASIX,ASIX,ADVANSIX INC,Materials,NYSE
ETD,ETD,ETHAN ALLEN INTERIORS INC,Consumer Discretionary,NYSE
ATLC,ATLC,ATLANTICUS HOLDINGS CORP,Financials,NASDAQ
ANGO,ANGO,ANGIODYNAMICS INC,Health Care,NASDAQ
FET,FET,FORUM ENERGY TECHNOLOGIES INC,Energy,NYSE
GEFB,GEF-B,GREIF INC CLASS B,Materials,NYSE
EGY,EGY,VAALCO ENERGY INC,Energy,NYSE
OXM,OXM,OXFORD INDUSTRIES INC,Consumer Discretionary,NYSE
MBUU,MBUU,MALIBU BOATS CLASS A INC,Consumer Discretionary,NASDAQ
NAVI,NAVI,NAVIENT CORP,Financials,NASDAQ
MLAB,MLAB,MESA LABORATORIES INC,Health Care,NASDAQ
PHR,PHR,PHREESIA INC,Health Care,NYSE
OPK,OPK,OPKO HEALTH INC,Health Care,NASDAQ
RGR,RGR,STURM RUGER INC,Consumer Discretionary,NYSE
CRSR,CRSR,CORSAIR GAMING INC,Information Technology,NASDAQ
XMAX,XMAX,XMAX INC,Consumer Discretionary,NASDAQ
BSRR,BSRR,SIERRA BANCORP,Financials,NASDAQ
RRBI,RRBI,RED RIVER BANCSHARES INC,Financials,NASDAQ
DC,DC,DAKOTA GOLD CORP,Materials,NYSE American
CHCT,CHCT,COMMUNITY HEALTHCARE TRUST INC,Real Estate,NYSE
CCB,CCB,COASTAL FINANCIAL CORP,Financials,NASDAQ
NXDR,NXDR,NEXTDOOR HOLDINGS INC CLASS A,Communication,NYSE
BDN,BDN,BRANDYWINE REALTY TRUST REIT,Real Estate,NYSE
OOMA,OOMA,OOMA INC,Information Technology,NYSE
GIC,GIC,GLOBAL INDUSTRIAL,Industrials,NYSE
REPX,REPX,RILEY EXPLORATION PERMIAN INC,Energy,NYSE American
MMED,MMED,MINIMED INC,Health Care,NASDAQ
CTKB,CTKB,CYTEK BIOSCIENCES INC,Health Care,NASDAQ
ALLO,ALLO,ALLOGENE THERAPEUTICS INC,Health Care,NASDAQ
MNPR,MNPR,MONOPAR THERAPEUTICS INC,Health Care,NASDAQ
MDXG,MDXG,MIMEDX GROUP INC,Health Care,NASDAQ
ELE,ELE,ELEMENTAL ROYALTY CORP,Materials,NASDAQ
COFS,COFS,CHOICEONE FINANCIAL SERVICES INC,Financials,NASDAQ
RPC,RPC,RIDGEPOST CAPITAL INC CLASS A,Financials,NYSE
RHLD,RHLD,RESOLUTE HOLDINGS MANAGEMENT INC,Industrials,NYSE
CPS,CPS,COOPER STANDARD HOLDINGS INC,Consumer Discretionary,NYSE
HNRG,HNRG,HALLADOR ENERGY,Utilities,NASDAQ
PUBM,PUBM,PUBMATIC INC CLASS A,Communication,NASDAQ
FMAO,FMAO,FARMERS AND MERCHANTS BANCORP INC,Financials,NASDAQ
AIOT,AIOT,POWERFLEET INC,Information Technology,NASDAQ
RLMD,RLMD,RELMADA THERAPEUTICS INC,Health Care,NASDAQ
WNC,WNC,WABASH NATIONAL CORP,Industrials,NYSE
ALOY,ALOY,REALLOYS INC,Materials,NASDAQ
VTS,VTS,VITESSE ENERGY INC,Energy,NYSE
MYGN,MYGN,MYRIAD GENETICS INC,Health Care,NASDAQ
ARVN,ARVN,ARVINAS INC,Health Care,NASDAQ
MTW,MTW,MANITOWOC INC,Industrials,NYSE
RGNX,RGNX,REGENXBIO INC,Health Care,NASDAQ
AVLN,AVLN,AVALYN PHARMA INC,Health Care,NASDAQ
RBB,RBB,RBB BANCORP,Financials,NASDAQ
SFIX,SFIX,STITCH FIX INC CLASS A,Consumer Discretionary,NASDAQ
HTLD,HTLD,HEARTLAND EXPRESS INC,Industrials,NASDAQ
AKTS,AKTS,AKTIS ONCOLOGY INC,Health Care,NASDAQ
MEI,MEI,METHODE ELECTRONICS INC,Information Technology,NYSE
BWFG,BWFG,BANKWELL FINANCIAL GROUP INC,Financials,NASDAQ
OBT,OBT,ORANGE COUNTY BANCORP INC,Financials,NASDAQ
AEBI,AEBI,AEBI SCHMIDT HOLDING AG,Industrials,NASDAQ
VSTM,VSTM,VERASTEM INC,Health Care,NASDAQ
CBLL,CBLL,CERIBELL INC,Health Care,NASDAQ
CLB,CLB,CORE LABORATORIES INC,Energy,NYSE
ACHV,ACHV,ACHIEVE LIFE SCIENCES INC,Health Care,NASDAQ
CBAN,CBAN,COLONY BANKCORP INC,Financials,NYSE
TATT,TATT,TAT TECHNOLOGIES LTD,Industrials,NASDAQ
ILPT,ILPT,INDUSTRIAL LOGISTICS PROPERTIES TR,Real Estate,NASDAQ
GDYN,GDYN,GRID DYNAMICS HOLDINGS INC CLASS A,Information Technology,NASDAQ
IIIV,IIIV,I3 VERTICALS INC CLASS A,Information Technology,NASDAQ
JCAP,JCAP,JEFFERSON CAPITAL INC,Financials,NASDAQ
SPT,SPT,SPROUT SOCIAL INC CLASS A,Information Technology,NASDAQ
HIFS,HIFS,HINGHAM INSTITUTION FOR SAVINGS,Financials,NASDAQ
MATV,MATV,MATIV HOLDINGS INC,Materials,NYSE
DIN,DIN,DINE BRANDS GLOBAL INC,Consumer Discretionary,NYSE
YEXT,YEXT,YEXT INC,Information Technology,NYSE
GLRE,GLRE,GREENLIGHT CAPITAL LTD CLASS A,Financials,NASDAQ
LOCO,LOCO,EL POLLO LOCO INC,Consumer Discretionary,NASDAQ
AEVA,AEVA,AEVA TECHNOLOGIES INC,Information Technology,NASDAQ
OFIX,OFIX,ORTHOFIX MEDICAL INC,Health Care,NASDAQ
XRN,XRN,CHIRON REAL ESTATE INC,Real Estate,NYSE
WTBA,WTBA,WEST BANCORPORATION INC,Financials,NASDAQ
VREX,VREX,VAREX IMAGING CORP,Health Care,NASDAQ
HYLN,HYLN,HYLIION HOLDINGS CORP,Industrials,NYSE American
URG,URG,UR ENERGY INC,Energy,NYSE American
WRLD,WRLD,WORLD ACCEPTANCE CORP,Financials,NASDAQ
ASPI,ASPI,ASP ISOTOPES INC,Materials,NASDAQ
KELYA,KELYA,KELLY SERVICES INC CLASS A,Industrials,NASDAQ
FDMT,FDMT,4D MOLECULAR THERAPEUTICS INC,Health Care,NASDAQ
CLMB,CLMB,CLIMB GLOBAL SOLUTIONS INC,Information Technology,NASDAQ
BWB,BWB,BRIDGEWATER BANCSHARES INC,Financials,NASDAQ
TIPT,TIPT,TIPTREE INC,Financials,NASDAQ
BTBT,BTBT,BIT DIGITAL INC,Information Technology,NASDAQ
HSHP,HSHP,HIMALAYA SHIPPING LTD,Industrials,NYSE
UNTY,UNTY,UNITY BANCORP INC,Financials,NASDAQ
YORW,YORW,YORK WATER,Utilities,NASDAQ
BMRC,BMRC,BANK OF MARIN BANCORP,Financials,NASDAQ
VITL,VITL,VITAL FARMS INC,Consumer Staples,NASDAQ
GRND,GRND,GRINDR INC,Communication,NYSE
CZNC,CZNC,CITIZENS AND NORTHERN CORP,Financials,NASDAQ
NEWT,NEWT,NEWTEKONE INC,Financials,NASDAQ
LXFR,LXFR,LUXFER HOLDINGS PLC,Industrials,NYSE
BFS,BFS,SAUL CENTERS REIT INC,Real Estate,NYSE
SB,SB,SAFE BULKERS INC,Industrials,NYSE
CWCO,CWCO,CONSOLIDATED WATER LTD,Utilities,NASDAQ
IDR,IDR,IDAHO STRATEGIC RESOURCES INC,Materials,NYSE American
PHAT,PHAT,PHATHOM PHARMACEUTICALS INC,Health Care,NASDAQ
OLP,OLP,ONE LIBERTY PROPERTIES REIT INC,Real Estate,NYSE
SD,SD,SANDRIDGE ENERGY INC,Energy,NYSE
DGICA,DGICA,DONEGAL GROUP INC CLASS A,Financials,NASDAQ
MAGN,MAGN,MAGNERA CORP,Materials,NYSE
WEAV,WEAV,WEAVE COMMUNICATIONS INC,Information Technology,NYSE
ITIC,ITIC,INVESTORS TITLE,Financials,NASDAQ
CAL,CAL,CALERES INC,Consumer Discretionary,NYSE
CBNK,CBNK,CAPITAL BANCORP INC,Financials,NASDAQ
MCFT,MCFT,MASTERCRAFT BOAT HOLDINGS INC,Consumer Discretionary,NASDAQ
ERII,ERII,ENERGY RECOVERY INC,Industrials,NASDAQ
STTK,STTK,SHATTUCK LABS INC,Health Care,NASDAQ
IHRT,IHRT,IHEARTMEDIA INC CLASS A,Communication,NASDAQ
XRX,XRX,XEROX HOLDINGS CORP,Information Technology,NASDAQ
FIP,FIP,FTAI INFRASTRUCTURE INC,Industrials,NASDAQ
METC,METC,RAMACO RESOURCES INC CLASS A,Materials,NASDAQ
OIS,OIS,OIL STATES INTERNATIONAL INC,Energy,NYSE
CENT,CENT,CENTRAL GARDEN AND PET,Consumer Staples,NASDAQ
REPL,REPL,REPLIMUNE GROUP INC,Health Care,NASDAQ
PLBC,PLBC,PLUMAS BANCORP,Financials,NASDAQ
BBW,BBW,BUILD A BEAR WORKSHOP INC,Consumer Discretionary,NYSE
MAX,MAX,MEDIAALPHA INC CLASS A,Communication,NYSE
CLYM,CLYM,CLIMB BIO INC,Health Care,NASDAQ
NGVC,NGVC,NATURAL GROCERS BY VITAMIN COTTAGE,Consumer Staples,NYSE
ULCC,ULCC,FRONTIER GROUP HOLDINGS INC,Industrials,NASDAQ
SLDP,SLDP,SOLID POWER INC CLASS A,Consumer Discretionary,NASDAQ
OCGN,OCGN,OCUGEN INC,Health Care,NASDAQ
MNTN,MNTN,MNTN INC CLASS A,Communication,NYSE
PAYS,PAYS,PAYSIGN INC,Financials,NASDAQ
SGMT,SGMT,SAGIMET BIOSCIENCES INC SERIES A,Health Care,NASDAQ
ISTR,ISTR,INVESTAR HOLDING CORP,Financials,NASDAQ
CTGO,CTGO,CONTANGO SILVER AND GOLD INC,Materials,NYSE American
PACB,PACB,PACIFIC BIOSCIENCES OF CALIFORNIA,Health Care,NASDAQ
FRST,FRST,PRIMIS FINANCIAL CORP,Financials,NASDAQ
FRBA,FRBA,FIRST BANK,Financials,NASDAQ
BXC,BXC,BLUELINX HOLDINGS INC,Industrials,NYSE
TTAM,TTAM,TITAN AMERICA SA,Materials,NYSE
CLPT,CLPT,CLEARPOINT NEURO INC,Health Care,NASDAQ
FSTR,FSTR,LB FOSTER,Industrials,NASDAQ
ACCO,ACCO,ACCO BRANDS CORP,Industrials,NYSE
MEC,MEC,MAYVILLE ENGINEERING COMPANY INC,Industrials,NYSE
PKOH,PKOH,PARK OHIO HOLDINGS CORP,Industrials,NASDAQ
FEIM,FEIM,FREQUENCY ELECTRONICS INC,Information Technology,NASDAQ
NGS,NGS,NATURAL GAS SERVICES GROUP INC,Energy,NYSE
VLGEA,VLGEA,VILLAGE SUPER MARKET INC CLASS A,Consumer Staples,NASDAQ
FNLC,FNLC,FIRST BANCORP INC,Financials,NASDAQ
RXT,RXT,RACKSPACE TECHNOLOGY INC,Information Technology,NASDAQ
AQST,AQST,AQUESTIVE THERAPEUTICS INC,Health Care,NASDAQ
CTNM,CTNM,CONTINEUM THERAPEUTICS INC CLASS A,Health Care,NASDAQ
TWI,TWI,TITAN INTERNATIONAL INC,Industrials,NYSE
PKBK,PKBK,PARKE BANCORP INC,Financials,NASDAQ
FLGT,FLGT,FULGENT GENETICS INC,Health Care,NASDAQ
FPI,FPI,FARMLAND PARTNERS INC,Real Estate,NYSE
DSGN,DSGN,DESIGN THERAPEUTICS INC,Health Care,NASDAQ
DDD,DDD,3D SYSTEMS CORP,Industrials,NYSE
STRT,STRT,STRATTEC SECURITY CORP,Consumer Discretionary,NASDAQ
PDLB,PDLB,PONCE FINANCIAL GROUP INC,Financials,NASDAQ
VMD,VMD,VIEMED HEALTHCARE INC,Health Care,NASDAQ
BATRA,BATRA,ATLANTA BRAVES HOLDINGS INC SERIES,Communication,NASDAQ
CWH,CWH,CAMPING WORLD HOLDINGS INC CLASS A,Consumer Discretionary,NYSE
NRGV,NRGV,ENERGY VAULT HOLDINGS INC,Industrials,NYSE
IPI,IPI,INTREPID POTASH INC,Materials,NYSE
TOI,TOI,ONCOLOGY INSTITUTE INC,Health Care,NASDAQ
ARHS,ARHS,ARHAUS INC CLASS A,Consumer Discretionary,NASDAQ
SVV,SVV,SAVERS VALUE VILLAGE INC,Consumer Discretionary,NYSE
DNA,DNA,GINKGO BIOWORKS HOLDINGS INC CLASS,Health Care,NYSE
STRO,STRO,SUTRO BIOPHARMA INC,Health Care,NASDAQ
RZLT,RZLT,REZOLUTE INC,Health Care,NASDAQ
GSM,GSM,FERROGLOBE PLC,Materials,NASDAQ
NUAI,NUAI,NEW ERA ENERGY AND DIGITAL INC,Energy,NASDAQ
EBS,EBS,EMERGENT BIOSOLUTIONS INC,Health Care,NYSE
IMXI,IMXI,INTERNATIONAL MONEY EXPRESS INC,Financials,NASDAQ
NVCT,NVCT,NUVECTIS PHARMA INC,Health Care,NASDAQ
NGNE,NGNE,NEUROGENE INC,Health Care,NASDAQ
CRML,CRML,CRITICAL METALS CORP,Materials,NASDAQ
AGNT,AGNT,AGNT INC,Real Estate,NASDAQ
MVBF,MVBF,MVB FINANCIAL CORP,Financials,NASDAQ
FVR,FVR,FRONTVIEW REIT INC,Real Estate,NYSE
TENX,TENX,TENAX THERAPEUTICS INC,Health Care,NASDAQ
TITN,TITN,TITAN MACHINERY INC,Industrials,NASDAQ
GCO,GCO,GENESCO INC,Consumer Discretionary,NYSE
DFH,DFH,DREAM FINDERS HOMES INC CLASS A,Other,NYSE
PRTA,PRTA,PROTHENA PLC,Health Care,NASDAQ
ORN,ORN,ORION GROUP INC,Industrials,NYSE
BBBY,BBBY,BED BATH AND BEYOND INC,Consumer Discretionary,NYSE
CRNC,CRNC,CERENCE INC,Information Technology,NASDAQ
NMAX,NMAX,NEWSMAX INC CLASS B,Communication,NYSE
OEC,OEC,ORION SA,Materials,NYSE
KREF,KREF,KKR REAL ESTATE FINANCE INC TRUST,Financials,NYSE
HY,HY,HYSTER YALE INC CLASS A,Industrials,NYSE
CYH,CYH,COMMUNITY HEALTH SYSTEMS INC,Health Care,NYSE
IBEX,IBEX,IBEX LTD,Industrials,NASDAQ
TREE,TREE,LENDINGTREE INC,Financials,NASDAQ
NECB,NECB,NORTHEAST COMMUNITY BANCORP INC,Financials,NASDAQ
NPB,NPB,NORTHPOINTE BANCSHARES INC,Financials,NYSE
ENTA,ENTA,ENANTA PHARMACEUTICALS INC,Health Care,NASDAQ
GTN,GTN,GRAY MEDIA INC,Communication,NYSE
BELFA,BELFA,BEL FUSE INC CLASS A,Information Technology,NASDAQ
EVH,EVH,EVOLENT HEALTH INC CLASS A,Health Care,NYSE
CCCC,CCCC,C4 THERAPEUTICS INC,Health Care,NASDAQ
BWMN,BWMN,BOWMAN CONSULTING GROUP LTD,Industrials,NASDAQ
NPCE,NPCE,NEUROPACE INC,Health Care,NASDAQ
HVT,HVT,HAVERTY FURNITURE COMPANIES INC,Consumer Discretionary,NYSE
WLTH,WLTH,WEALTHFRONT CORP,Financials,NASDAQ
XPER,XPER,XPERI INC,Information Technology,NYSE
TSBK,TSBK,TIMBERLAND BANCORP INC,Financials,NASDAQ
GEVO,GEVO,GEVO INC,Energy,NASDAQ
RMR,RMR,RMR GROUP INC CLASS A,Real Estate,NASDAQ
NWFL,NWFL,NORWOOD FINANCIAL CORP,Financials,NASDAQ
PBYI,PBYI,PUMA BIOTECHNOLOGY INC,Health Care,NASDAQ
CZFS,CZFS,CITIZENS FINANCIAL SERVICES INC,Financials,NASDAQ
EOLS,EOLS,EVOLUS INC,Health Care,NASDAQ
OVID,OVID,OVID THERAPEUTICS INC,Health Care,NASDAQ
RCKY,RCKY,ROCKY BRANDS INC,Consumer Discretionary,NASDAQ
CLFD,CLFD,CLEARFIELD INC,Information Technology,NASDAQ
HNST,HNST,THE HONEST COMPANY INC,Consumer Staples,NASDAQ
AKBA,AKBA,AKEBIA THERAPEUTICS INC,Health Care,NASDAQ
IMMX,IMMX,IMMIX BIOPHARMA INC,Health Care,NASDAQ
DCTH,DCTH,DELCATH SYS INC,Health Care,NASDAQ
KRT,KRT,KARAT PACKAGING INC,Industrials,NASDAQ
TRC,TRC,TEJON RANCH,Real Estate,NYSE
MPTI,MPTI,M TRON INDUSTRIES INC,Information Technology,NYSE American
BCML,BCML,BAYCOM CORP,Financials,NASDAQ
SPRY,SPRY,ARS PHARMACEUTICALS INC,Health Care,NASDAQ
SPIR,SPIR,SPIRE GLOBAL INC CLASS A,Industrials,NYSE
PCB,PCB,PCB BANCORP,Financials,NASDAQ
ALTO,ALTO,ALTO INGREDIENTS INC,Materials,NASDAQ
CHMG,CHMG,CHEMUNG FINANCIAL CORP,Financials,NASDAQ
CTRN,CTRN,CITI TRENDS INC,Consumer Discretionary,NASDAQ
MNRO,MNRO,MONRO INC,Consumer Discretionary,NASDAQ
SRTA,SRTA,STRATA CRITICAL MEDICAL INC CLASS,Health Care,NASDAQ
ACIC,ACIC,AMERICAN COASTAL INSURANCE CORP,Financials,NASDAQ
KIDS,KIDS,ORTHOPEDIATRICS CORP,Health Care,NASDAQ
SERV,SERV,SERVE ROBOTICS INC,Consumer Discretionary,NASDAQ
LAND,LAND,GLADSTONE LAND REIT CORP,Real Estate,NASDAQ
WTI,WTI,W AND T OFFSHORE INC,Energy,NYSE
STRZ,STRZ,STARZ ENTERTAINMENT CORP,Communication,NASDAQ
FTK,FTK,FLOTEK INDUSTRIES INC,Materials,NYSE
AVIR,AVIR,ATEA PHARMACEUTICALS INC,Health Care,NASDAQ
GENB,GENB,GENERATE BIOMEDICINES INC,Health Care,NASDAQ
BLND,BLND,BLEND LABS INC CLASS A,Information Technology,NYSE
FVCB,FVCB,FVCBANKCORP INC,Financials,NASDAQ
WSBF,WSBF,WATERSTONE FINANCIAL INC,Financials,NASDAQ
SATL,SATL,SATELLOGIC INC CLASS A,Industrials,NASDAQ
CLW,CLW,CLEARWATER PAPER CORP,Materials,NYSE
FWRD,FWRD,FORWARD AIR CORP,Industrials,NASDAQ
DSGR,DSGR,DISTRIBUTION SOLUTIONS GROUP INC,Industrials,NASDAQ
AMCX,AMCX,AMC GLOBAL MEDIA INC CLASS A,Communication,NASDAQ
KRUS,KRUS,KURA SUSHI USA INC,Consumer Discretionary,NASDAQ
NEXN,NEXN,NEXXEN INTERNATIONAL LTD,Communication,NASDAQ
GOGO,GOGO,GOGO INC,Communication,NASDAQ
QUAD,QUAD,QUAD GRAPHICS INC CLASS A,Industrials,NYSE
AURA,AURA,AURA BIOSCIENCES INC,Health Care,NASDAQ
CMCL,CMCL,CALEDONIA MINING PLC,Materials,NYSE American
SLP,SLP,SIMULATIONS PLUS INC,Health Care,NASDAQ
WYFI,WYFI,WHITEFIBER INC,Information Technology,NASDAQ
NABL,NABL,N ABLE INC,Information Technology,NYSE
ABX,ABX,ABACUS GLOBAL MANAGEMENT INC CLASS,Financials,NYSE
ATLO,ATLO,AMES NATIONAL CORP,Financials,NASDAQ
CBIO,CBIO,CRESCENT BIOPHARMA INC,Health Care,NASDAQ
ZURA,ZURA,ZURA BIO LTD CLASS A,Health Care,NASDAQ
PINE,PINE,ALPINE INCOME PROPERTY TRUST INC,Real Estate,NYSE
ALMR,ALMR,ALAMAR BIOSCIENCES INC,Health Care,NASDAQ
RM,RM,REGIONAL MANAGEMENT CORP,Financials,NYSE
KYTX,KYTX,KYVERNA THERAPEUTICS INC,Health Care,NASDAQ
CLNE,CLNE,CLEAN ENERGY FUELS CORP,Energy,NASDAQ
PTLO,PTLO,PORTILLO S INC CLASS A,Consumer Discretionary,NASDAQ
MTRX,MTRX,MATRIX SERVICE,Industrials,NASDAQ
LXEO,LXEO,LEXEO THERAPEUTICS INC,Health Care,NASDAQ
MRAM,MRAM,EVERSPIN TECHNOLOGIES INC,Information Technology,NASDAQ
FCCO,FCCO,FIRST COMMUNITY CORP,Financials,NASDAQ
CVEO,CVEO,CIVEO CORP,Industrials,NYSE
CABA,CABA,CABALETTA BIO INC,Health Care,NASDAQ
XFOR,XFOR,X4 PHARMACEUTICALS INC,Health Care,NASDAQ
FSBW,FSBW,FS BANCORP INC,Financials,NASDAQ
ASPN,ASPN,ASPEN AEROGELS INC,Materials,NYSE
NATR,NATR,NATURES SUNSHINE PRODUCTS INC,Consumer Staples,NASDAQ
CATX,CATX,PERSPECTIVE THERAPEUTICS INC,Health Care,NYSE American
WEST,WEST,WESTROCK COFFEE,Consumer Staples,NASDAQ
NRDS,NRDS,NERDWALLET INC CLASS A,Financials,NASDAQ
YSWY,YSWY,YESWAY INC CLASS A,Consumer Staples,NASDAQ
CBK,CBK,COMMERCIAL BANCGROUP INC,Financials,NASDAQ
AVBC,AVBC,AVIDIA BANCORP INC,Financials,NYSE
RNGR,RNGR,RANGER ENERGY SERVICES INC CLASS A,Energy,NYSE
BOC,BOC,BOSTON OMAHA CORP CLASS A,Communication,NYSE
JMSB,JMSB,JOHN MARSHALL BANCORP INC,Financials,NASDAQ
PESI,PESI,PERMA FIX ENVIRONMENTAL SERVICES I,Industrials,NASDAQ
JOUT,JOUT,JOHNSON OUTDOORS INC CLASS A,Consumer Discretionary,NASDAQ
OSS,OSS,ONE STOP SYSTEMS INC,Information Technology,NASDAQ
PLAY,PLAY,DAVE AND BUSTERS ENTERTAINMENT INC,Consumer Discretionary,NASDAQ
BMBL,BMBL,BUMBLE INC CLASS A,Communication,NASDAQ
ABEO,ABEO,ABEONA THERAPEUTICS INC,Health Care,NASDAQ
TECX,TECX,TECTONIC THERAPEUTIC INC,Health Care,NASDAQ
JACK,JACK,JACK IN THE BOX INC,Consumer Discretionary,NASDAQ
YSS,YSS,YORK SPACE SYSTEMS INC,Industrials,NYSE
SHOE,SHOE,SHOE STATION GROUP INC,Consumer Discretionary,NASDAQ
GNE,GNE,GENIE ENERGY LTD CLASS B,Utilities,NYSE
RCKT,RCKT,ROCKET PHARMACEUTICALS INC,Health Care,NASDAQ
CRCT,CRCT,CRICUT INC CLASS A,Consumer Discretionary,NASDAQ
PRME,PRME,PRIME MEDICINE INC,Health Care,NASDAQ
RJET,RJET,REPUBLIC AIRWAYS HOLDINGS INC,Industrials,NASDAQ
FRAF,FRAF,FRANKLIN FINANCIAL SERVICES CORP,Financials,NASDAQ
BH,BH,BIGLARI HOLDINGS INCINARY CLASS B,Consumer Discretionary,NYSE
LTBR,LTBR,LIGHTBRIDGE CORP,Energy,NASDAQ
FENC,FENC,FENNEC PHARMACEUTICALS INC,Health Care,NASDAQ
BOBS,BOBS,BOBS DISCOUNT FURNITURE INC,Consumer Discretionary,NYSE
BGS,BGS,B AND G FOODS INC,Consumer Staples,NYSE
NCMI,NCMI,NATIONAL CINEMEDIA INC,Communication,NASDAQ
FUNC,FUNC,FIRST UNITED CORP,Financials,NASDAQ
AVEX,AVEX,AEVEX CORP CLASS A,Industrials,NYSE
PALI,PALI,PALISADE BIO INC,Health Care,NASDAQ
VNDA,VNDA,VANDA PHARMACEUTICALS INC,Health Care,NASDAQ
MYFW,MYFW,FIRST WESTERN FINANCIAL INC,Financials,NASDAQ
MH,MH,MCGRAW HILL INC,Consumer Discretionary,NYSE
RLGT,RLGT,RADIANT LOGISTIC INC,Industrials,NYSE American
RPAY,RPAY,REPAY HOLDINGS CORP CLASS A,Financials,NASDAQ
AGEN,AGEN,AGENUS INC,Health Care,NASDAQ
FNRN,FNRN,FIRST NORTHERN COMMUNITY BANCORP,Financials,NASDAQ
SWIM,SWIM,LATHAM GROUP INC,Consumer Discretionary,NASDAQ
EDIT,EDIT,EDITAS MEDICINE INC,Health Care,NASDAQ
FXNC,FXNC,FIRST NATIONAL CORP,Financials,NASDAQ
AVBH,AVBH,AVIDBANK HOLDINGS INC,Financials,NASDAQ
ONIT,ONIT,ONITY GROUP INC,Financials,NYSE
PANL,PANL,PANGAEA LOGISTICS SOLUTIONS LTD,Industrials,NASDAQ
LCNB,LCNB,LCNB CORP,Financials,NASDAQ
NKSH,NKSH,NATIONAL BANKSHARES INC,Financials,NASDAQ
RMNI,RMNI,RIMINI STREET INC,Information Technology,NASDAQ
NUS,NUS,NU SKIN ENTERPRISES INC CLASS A,Consumer Staples,NYSE
RR,RR,RICHTECH ROBOTICS INC CLASS B,Industrials,NASDAQ
AII,AII,AMERICAN INTEGRITY INSURANCE GROUP,Financials,NYSE
IBTA,IBTA,IBOTTA INC CLASS A,Communication,NYSE
ELDN,ELDN,ELEDON PHARMACEUTICALS INC,Health Care,NASDAQ
OSUR,OSUR,ORASURE TECHNOLOGIES INC,Health Care,NASDAQ
ZUMZ,ZUMZ,ZUMIEZ INC,Consumer Discretionary,NASDAQ
LILA,LILA,LIBERTY LATIN AMERICA LTD CLASS A,Communication,NASDAQ
ARDT,ARDT,ARDENT HEALTH INC,Health Care,NYSE
ABAT,ABAT,AMERICAN BATTERY TECHNOLOGY COMPAN,Materials,NASDAQ
ELMD,ELMD,ELECTROMED INC,Health Care,NYSE American
IKT,IKT,INHIBIKASE THERAPEUTICS INC,Health Care,NASDAQ
MGPI,MGPI,MGP INGREDIENTS INC,Consumer Staples,NASDAQ
USCB,USCB,USCB FINANCIAL HOLDINGS INC CLASS,Financials,NASDAQ
KINS,KINS,KINGSTONE COMPANIES INC,Financials,NASDAQ
VOXR,VOXR,VOX ROYALTY CORP,Materials,NASDAQ
INNV,INNV,INNOVAGE HOLDING CORP,Health Care,NASDAQ
FDBC,FDBC,FIDELITY D AND D BANCORP INC,Financials,NASDAQ
FLXS,FLXS,FLEXSTEEL INDUSTRIES INC,Consumer Discretionary,NASDAQ
ZIP,ZIP,ZIPRECRUITER INC CLASS A,Communication,NYSE
DNUT,DNUT,KRISPY KREME INC,Consumer Discretionary,NASDAQ
CMPX,CMPX,COMPASS THERAPEUTICS,Health Care,NASDAQ
FBYD,FBYD,FALCON S BEYOND GLOBAL INC CLASS A,Industrials,NASDAQ
CNDT,CNDT,CONDUENT INC,Industrials,NASDAQ
PRTH,PRTH,PRIORITY TECHNOLOGY HOLDINGS INC,Financials,NASDAQ
OPFI,OPFI,OPPFI INC CLASS A,Financials,NYSE
FNKO,FNKO,FUNKO INC CLASS A,Consumer Discretionary,NASDAQ
REAX,REAX,REAL BROKERAGE INC,Real Estate,NASDAQ
MG,MG,MISTRAS GROUP INC,Industrials,NYSE
WOOF,WOOF,PETCO HEALTH AND WELLNESS COMPANY,Consumer Discretionary,NASDAQ
NATH,NATH,NATHANS FAMOUS INC,Consumer Discretionary,NASDAQ
ISBA,ISBA,ISABELLA BANK CORP,Financials,NASDAQ
MBI,MBI,MBIA INC,Financials,NYSE
IPSC,IPSC,CENTURY THERAPEUTICS INC,Health Care,NASDAQ
FUBO,FUBO,FUBOTV INC CLASS A,Communication,NYSE
LRMR,LRMR,LARIMAR THERAPEUTICS INC,Health Care,NASDAQ
OVLY,OVLY,OAK VALLEY BANCORP,Financials,NASDAQ
GRNT,GRNT,GRANITE RIDGE RESOURCES INC,Energy,NYSE
FRPH,FRPH,FRP HOLDINGS INC,Real Estate,NASDAQ
TSSI,TSSI,TSS INC,Information Technology,NASDAQ
PACK,PACK,RANPAK HOLDINGS CORP CLASS A,Materials,NYSE
JAKK,JAKK,JAKKS PACIFIC INC,Consumer Discretionary,NASDAQ
AVXL,AVXL,ANAVEX LIFE SCIENCES CORP,Health Care,NASDAQ
EGHT,EGHT,8X8 INC,Information Technology,NASDAQ
TLS,TLS,TELOS CORPORATION CORP,Information Technology,NASDAQ
ISSC,ISSC,INNOVATIVE SOLUTIONS AND SUPPORT I,Industrials,NASDAQ
FOSL,FOSL,FOSSIL GROUP INC,Consumer Discretionary,NASDAQ
CRDA,CRD-A,CRAWFORD CLASS A,Financials,NYSE
ACH,ACH,ACCENDRA HEALTH INC,Health Care,NYSE
SPCE,SPCE,VIRGIN GALACTIC HOLDINGS INC SHS C,Industrials,NYSE
SMC,SMC,SUMMIT MIDSTREAM CORP,Energy,NYSE
USNA,USNA,USANA HEALTH SCIENCES INC,Consumer Staples,NYSE
CFFI,CFFI,C AND F FINANCIAL CORP,Financials,NASDAQ
FWDI,FWDI,FORWARD INDUSTRIES INC,Information Technology,NASDAQ
ASMB,ASMB,ASSEMBLY BIOSCIENCES INC,Health Care,NASDAQ
GCBC,GCBC,GREENE COUNTY BANCORP INC,Financials,NASDAQ
HCKT,HCKT,HACKETT GROUP INC,Information Technology,NASDAQ
VGZ,VGZ,VISTA GOLD CORP,Materials,NYSE American
OPRT,OPRT,OPORTUN FINANCIAL CORP,Financials,NASDAQ
PSFE,PSFE,PAYSAFE LTD,Financials,NYSE
BNTC,BNTC,BENITEC BIOPHARMA INC,Health Care,NASDAQ
PSIX,PSIX,POWER SOLUTIONS INTERNATIONAL INC,Industrials,NASDAQ
BSVN,BSVN,BANK7 CORP,Financials,NASDAQ
AVNW,AVNW,AVIAT NETWORKS INC,Information Technology,NASDAQ
FBLA,FBLA,FB BANCORP INC,Financials,NASDAQ
RXST,RXST,RXSIGHT INC,Health Care,NASDAQ
TWIN,TWIN,TWIN DISC INC,Industrials,NASDAQ
CTEV,CTEV,CLARITEV CORP CLASS A,Health Care,NYSE
BKTI,BKTI,BK TECHNOLOGIES CORP,Information Technology,NYSE American
BKKT,BKKT,BAKKT INC CLASS A,Financials,NYSE
MRBK,MRBK,MERIDIAN CORP,Financials,NASDAQ
SI,SI,SHOULDER INNOVATIONS INC,Health Care,NYSE
CIA,CIA,CITIZENS INC CLASS A,Financials,NYSE
ZSQR,ZSQR,Z SQUARED INC,Health Care,NASDAQ
ZNTL,ZNTL,ZENTALIS PHARMACEUTICALS INC,Health Care,NASDAQ
COSO,COSO,COASTALSOUTH BANCSHARES INC,Financials,NYSE
DMAC,DMAC,DIAMEDICA THERAPEUTICS INC,Health Care,NASDAQ
HLLY,HLLY,HOLLEY INC,Consumer Discretionary,NYSE
CMRC,CMRC,BIGCOMMERCE HOLDINGS INC SERIES,Information Technology,NASDAQ
PLTK,PLTK,PLAYTIKA HOLDING CORP,Communication,NASDAQ
BPRN,BPRN,PRINCETON BANCORP INC,Financials,NASDAQ
UPB,UPB,UPSTREAM BIO INC,Health Care,NASDAQ
SITC,SITC,SITE CENTERS CORP,Real Estate,NYSE
OSG,OSG,OCTAVE SPECIALTY GROUP INC,Financials,NYSE
BRBS,BRBS,BLUE RIDGE BANKSHARES INC,Financials,NYSE American
EMBC,EMBC,EMBECTA CORP,Health Care,NASDAQ
ATNI,ATNI,ATN INTERNATIONAL INC,Communication,NASDAQ
XPOF,XPOF,XPONENTIAL FITNESS INC CLASS A,Consumer Discretionary,NYSE
ACRE,ACRE,ARES COMMERCIAL REAL ESTATE REIT C,Financials,NYSE
SEVN,SEVN,SEVEN HILLS REALTY TRUST,Financials,NASDAQ
MGNX,MGNX,MACROGENICS INC,Health Care,NASDAQ
EVEX,EVEX,EVE HOLDING INC,Industrials,NYSE
ASIC,ASIC,ATEGRITY SPECIALTY INSURANCE COMPA,Financials,NYSE
EVGO,EVGO,EVGO INC CLASS A,Consumer Discretionary,NASDAQ
CAPR,CAPR,CAPRICOR THERAPEUTICS INC,Health Care,NASDAQ
CZWI,CZWI,CITIZENS COMMUNITY BANCORP INC,Financials,NASDAQ
FRD,FRD,FRIEDMAN INDUSTRIES INC,Materials,NASDAQ
SGP,SGP,SPYGLASS PHARMA INC SHS,Health Care,NASDAQ
LOVE,LOVE,LOVESAC COMPANY,Consumer Discretionary,NASDAQ
NRC,NRC,NRC HEALTH,Health Care,NASDAQ
MASS,MASS,908 DEVICES INC,Information Technology,NASDAQ
REI,REI,RING ENERGY INC,Energy,NYSE American
POWW,POWW,OUTDOOR HOLDING,Consumer Discretionary,NASDAQ
IMMR,IMMR,IMMERSION CORP,Information Technology,NASDAQ
IMRX,IMRX,IMMUNEERING CORP CLASS A,Health Care,NASDAQ
FULC,FULC,FULCRUM THERAPEUTICS INC,Health Care,NASDAQ
DBI,DBI,DESIGNER BRANDS INC CLASS A,Consumer Discretionary,NYSE
WNEB,WNEB,WESTERN NEW ENGLAND BANCORP INC,Financials,NASDAQ
VABK,VABK,VIRGINIA NATIONAL BANKSHARES CORP,Financials,NASDAQ
DUOT,DUOT,DUOS TECHNOLOGIES GROUP INC,Information Technology,NASDAQ
ASLE,ASLE,AERSALE CORP,Industrials,NASDAQ
RELL,RELL,RICHARDSON ELECTRONICS LTD,Information Technology,NASDAQ
WEYS,WEYS,WEYCO GROUP INC,Consumer Discretionary,NASDAQ
CV,CV,CAPSOVISION INC,Health Care,NASDAQ
SHAZ,SHAZ,SHARONAI HOLDINGS INC CLASS A,Information Technology,NASDAQ
VEL,VEL,VELOCITY FINANCIAL INC,Financials,NYSE
ANIK,ANIK,ANIKA THERAPEUTICS INC,Health Care,NASDAQ
EU,EU,ENCORE ENERGY CORP,Energy,NASDAQ
SKYH,SKYH,SKY HARBOUR GROUP CORP CLASS A,Industrials,NYSE
HDSN,HDSN,HUDSON TECHNOLOGIES INC,Industrials,NASDAQ
PEBK,PEBK,PEOPLES BANCORP OF NORTH CAROLINA,Financials,NASDAQ
APC,APC,ARKO PETROLEUM CORP CLASS A,Consumer Discretionary,NASDAQ
OABI,OABI,OMNIAB INC,Health Care,NASDAQ
TBI,TBI,TRUEBLUE INC,Industrials,NYSE
UIS,UIS,UNISYS CORP,Information Technology,NYSE
HTZ,HTZ,HERTZ GLOBAL HLDGS INC,Industrials,NASDAQ
QUIK,QUIK,QUICKLOGIC CORP,Information Technology,NASDAQ
TARA,TARA,PROTARA THERAPEUTICS INC,Health Care,NASDAQ
CFBK,CFBK,CF BANKSHARES INC,Financials,NASDAQ
RC,RC,READY CAPITAL CORP,Financials,NYSE
BBCP,BBCP,CONCRETE PUMPING HOLDINGS INC,Industrials,NASDAQ
SPOK,SPOK,SPOK HOLDINGS INC,Communication,NASDAQ
OPBK,OPBK,OP BANCORP,Financials,NASDAQ
SGHT,SGHT,SIGHT SCIENCES INC,Health Care,NASDAQ
MITT,MITT,TPG MORTGAGE INVESTMENT TRUST INC,Financials,NYSE
ALCO,ALCO,ALICO INC,Consumer Staples,NASDAQ
BNED,BNED,BARNES AND NOBLE EDUCATION INC,Consumer Discretionary,NYSE
REFI,REFI,CHICAGO ATLANTIC REAL ESTATE FINAN,Financials,NASDAQ
HMH,HMH,HMH HOLDING INC CLASS A,Energy,NASDAQ
CABO,CABO,CABLE ONE INC,Communication,NYSE
EFSI,EFSI,EAGLE FINANCIAL SERVICES INC,Financials,NASDAQ
FC,FC,FRANKLIN COVEY,Industrials,NYSE
FCAP,FCAP,FIRST CAPITAL INC,Financials,NASDAQ
LMRI,LMRI,LUMEXA IMAGING HOLDINGS INC,Health Care,NASDAQ
INBK,INBK,FIRST INTERNET BANCORP,Financials,NASDAQ
RSVR,RSVR,RESERVOIR MEDIA INC,Communication,NASDAQ
LMNR,LMNR,LIMONEIRA,Consumer Staples,NASDAQ
ALMU,ALMU,AELUMA INC,Information Technology,NASDAQ
TG,TG,TREDEGAR CORP,Materials,NYSE
GSIT,GSIT,GSI TECHNOLOGY INC,Information Technology,NASDAQ
SMHI,SMHI,SEACOR MARINE HOLDINGS INC,Energy,NYSE
TRDA,TRDA,ENTRADA THERAPEUTICS INC,Health Care,NASDAQ
LEGH,LEGH,LEGACY HOUSING CORP,Consumer Discretionary,NASDAQ
IRD,IRD,OPUS GENETICS INC,Health Care,NASDAQ
PCYO,PCYO,PURE CYCLE CORP,Utilities,NASDAQ
DSP,DSP,VIANT TECHNOLOGY INC CLASS A,Information Technology,NASDAQ
ASUR,ASUR,ASURE SOFTWARE INC,Industrials,NASDAQ
RBBN,RBBN,RIBBON COMMUNICATIONS INC,Information Technology,NASDAQ
JRVR,JRVR,JAMES RIVER GROUP HOLDINGS INC,Financials,NASDAQ
EIKN,EIKN,EIKON THERAPEUTICS INC,Health Care,NASDAQ
INR,INR,INFINITY NATURAL RESOURCES INC CLA,Energy,NYSE
ATOM,ATOM,ATOMERA INC,Information Technology,NASDAQ
SEG,SEG,SEAPORT ENTERTAINMENT GROUP INC,Real Estate,NYSE
MPAA,MPAA,MOTORCAR PARTS OF AMERICA INC,Consumer Discretionary,NASDAQ
EBMT,EBMT,EAGLE BANCORP MONTANA INC,Financials,NASDAQ
WBTN,WBTN,WEBTOON ENTERTAINMENT INC,Communication,NASDAQ
TLSI,TLSI,TRISALUS LF SC CM A,Health Care,NASDAQ
ESOA,ESOA,ENERGY SERVICES OF AMERICA CORP,Energy,NASDAQ
MFIN,MFIN,MEDALLION FINANCIAL CORP,Financials,NASDAQ
LODE,LODE,COMSTOCK INC,Energy,NYSE American
SRI,SRI,STONERIDGE INC,Consumer Discretionary,NYSE
ALXO,ALXO,ALX ONCOLOGY HOLDINGS INC,Health Care,NASDAQ
GBFH,GBFH,GBANK FINL HLDGS INC,Financials,NASDAQ
TBCH,TBCH,TURTLE BEACH CORP,Information Technology,NASDAQ
USAU,USAU,US GOLD CORP,Materials,NASDAQ
PDYN,PDYN,PALLADYNE AI CORP,Industrials,NASDAQ
PBFS,PBFS,PIONEER BANCORP INC,Financials,NASDAQ
NAGE,NAGE,NIAGEN BIOSCIENCE INC,Consumer Staples,NASDAQ
SENS,SENS,SENSEONICS HOLDINGS INC,Health Care,NASDAQ
LTRX,LTRX,LANTRONIX INC,Information Technology,NASDAQ
INV,INV,INNVENTURE INC,Financials,NASDAQ
OFRM,OFRM,ONCE UPON A FARM PBC,Consumer Staples,NYSE
III,III,INFORMATION SERVICES GROUP INC,Information Technology,NASDAQ
KROS,KROS,KEROS THERAPEUTICS INC,Health Care,NASDAQ
KWY,KWY,KINGSWAY CORP,Financials,NYSE
RICK,RICK,RCI HOSPITALITY HOLDINGS INC,Consumer Discretionary,NASDAQ
CMT,CMT,CORE MOLDING TECHNOLOGIES INC,Materials,NYSE American
RILY,RILY,BRC GROUP HOLDINGS INC,Financials,NASDAQ
ESCA,ESCA,ESCALADE INC,Consumer Discretionary,NASDAQ
CHRS,CHRS,COHERUS ONCOLOGY INC,Health Care,NASDAQ
KRMD,KRMD,KORU MEDICAL SYSTEMS INC,Health Care,NASDAQ
ASYS,ASYS,AMTECH SYSTEMS INC,Information Technology,NASDAQ
UTMD,UTMD,UTAH MEDICAL PRODUCTS INC,Health Care,NASDAQ
HWBK,HWBK,HAWTHORN BANCSHARES INC,Financials,NASDAQ
PPIH,PPIH,PERMA PIPE INTERNATIONAL HOLDINGS,Industrials,NASDAQ
SMRT,SMRT,SMARTRENT INC CLASS A,Information Technology,NYSE
INSE,INSE,INSPIRED ENTERTAINMENT INC,Consumer Discretionary,NASDAQ
CD,CD,CHAINCE DIGITAL HOLDINGS INC,Financials,NASDAQ
LCTX,LCTX,LINEAGE CELL THERAPEUTICS INC,Health Care,NYSE American
ADV,ADV,ADVANTAGE SOLUTIONS INC CLASS A,Communication,NASDAQ
CDZI,CDZI,CADIZ INC,Utilities,NASDAQ
NC,NC,NACCO INDUSTRIES INC CLASS A,Energy,NYSE
BETR,BETR,BETTER HOME FINANCE HOLDING CLASS,Financials,NASDAQ
GEMI,GEMI,GEMINI SPACE STATION INC CLASS A,Financials,NASDAQ
KLC,KLC,KINDERCARE LEARNING COMPANIES INC,Consumer Discretionary,NYSE
EVCM,EVCM,EVERCOMMERCE INC,Information Technology,NASDAQ
BCBP,BCBP,BCB BANCORP INC,Financials,NASDAQ
OPTU,OPTU,OPTIMUM COMMUNICATIONS INC CLASS A,Communication,NYSE
MDV,MDV,MODIV INDUSTRIAL INC CLASS C,Real Estate,NYSE
RMAX,RMAX,RE MAX HOLDINGS INC CLASS A,Real Estate,NYSE
NLOP,NLOP,NET LEASE OFFICE PROPERTIES,Real Estate,NYSE
ACU,ACU,ACME UNITED CORP,Health Care,NYSE American
SSP,SSP,EW SCRIPPS CLASS A,Communication,NASDAQ
LWAY,LWAY,LIFEWAY FOODS INC,Consumer Staples,NASDAQ
ORGO,ORGO,ORGANOGENESIS HOLDINGS INC CLASS A,Health Care,NASDAQ
CMTG,CMTG,CLAROS MORTGAGE TRUST INC,Financials,NYSE
NXDT,NXDT,NEXPOINT DIVERSIFIED REAL ESTATE T,Real Estate,NYSE
PLX,PLX,PROTALIX BIOTHERAPEUTICS INC,Health Care,NYSE American
ALTI,ALTI,ALTI GLOBAL INC CLASS A,Financials,NASDAQ
MVST,MVST,MICROVAST HOLDINGS INC,Industrials,NASDAQ
HBB,HBB,HAMILTON BEACH BRANDS HOLDING COMP,Consumer Discretionary,NYSE
AOMR,AOMR,ANGEL OAK MORTGAGE REIT INC,Financials,NYSE
RNA,RNA,ATRIUM THERAPEUTICS INC,Health Care,NASDAQ
BRT,BRT,BRT APARTMENTS CORP,Real Estate,NYSE
PMTS,PMTS,CPI CARD GROUP INC,Information Technology,NASDAQ
VYGR,VYGR,VOYAGER THERAPEUTICS INC,Health Care,NASDAQ
ANGI,ANGI,ANGI INC CLASS A,Communication,NASDAQ
VUZI,VUZI,VUZIX CORP,Information Technology,NASDAQ
CMDB,CMDB,COSTAMARE BULKERS HOLDINGS LTD,Industrials,NYSE
OVBC,OVBC,OHIO VALLEY BANC CORP,Financials,NASDAQ
FHTX,FHTX,FOGHORN THERAPEUTICS INC,Health Care,NASDAQ
VELO,VELO,VELO3D INC,Industrials,NASDAQ
PAL,PAL,PROFICIENT AUTO LOGISTICS INC,Industrials,NASDAQ
ARCT,ARCT,ARCTURUS THERAPEUTICS HOLDINGS INC,Health Care,NASDAQ
PXED,PXED,PHOENIX EDUCATION PARTNERS INC,Consumer Discretionary,NYSE
AREC,AREC,AMERICAN RESOURCES CORP CLASS A,Energy,NASDAQ
ALEC,ALEC,ALECTOR INC,Health Care,NASDAQ
NMRA,NMRA,NEUMORA THERAPEUTICS INC,Health Care,NASDAQ
INGN,INGN,INOGEN INC,Health Care,NASDAQ
TAYD,TAYD,TAYLOR DEVICES INC,Industrials,NASDAQ
CMTV,CMTV,COMMUNITY BANCORP VT,Financials,NASDAQ
SIDU,SIDU,SIDUS SPACE INC CLASS A,Industrials,NASDAQ
NREF,NREF,NEXPOINT REAL ESTATE FINANCE INC,Financials,NYSE
INFU,INFU,INFUSYSTEM HOLDINGS INC,Health Care,NYSE American
HPK,HPK,HIGHPEAK ENERGY INC,Energy,NASDAQ
SLNH,SLNH,SOLUNA HOLDINGS INC,Information Technology,NASDAQ
QTRX,QTRX,QUANTERIX CORP,Health Care,NASDAQ
ACTG,ACTG,ACACIA RESEARCH CORP,Financials,NASDAQ
MNSB,MNSB,MAINSTREET BANCSHARES INC,Financials,NASDAQ
TNXP,TNXP,TONIX PHARMACEUTICALS HOLDING CORP,Health Care,NASDAQ
DTIL,DTIL,PRECISION BIOSCIENCES INC,Health Care,NASDAQ
CVGI,CVGI,COMMERCIAL VEHICLE GROUP INC,Industrials,NASDAQ
SNFCA,SNFCA,SECURITY NATIONAL FINANCIAL CORP C,Financials,NASDAQ
ELA,ELA,ENVELA CORP,Consumer Discretionary,NYSE American
BALY,BALY,BALLY S CORP,Consumer Discretionary,NYSE
LARK,LARK,LANDMARK BANCORP INC,Financials,NASDAQ
LFMD,LFMD,LIFEMD INC,Health Care,NASDAQ
KGEI,KGEI,KOLIBRI GLOBAL ENERGY INC,Energy,NASDAQ
DOMO,DOMO,DOMO INC CLASS B,Information Technology,NASDAQ
EVMN,EVMN,EVOMMUNE INC,Health Care,NYSE
MPLT,MPLT,MAPLIGHT THERAPEUTICS INC,Health Care,NASDAQ
SABS,SABS,SAB BIOTHERAPEUTICS INC,Health Care,NASDAQ
SSTK,SSTK,SHUTTERSTOCK INC,Communication,NYSE
AIRJ,AIRJ,AIRJOULE TECHNOLOGIES CORP CLASS A,Industrials,NASDAQ
AIRO,AIRO,AIRO GROUP HOLDINGS INC,Industrials,NASDAQ
SRZN,SRZN,SURROZEN INC,Health Care,NASDAQ
CRBP,CRBP,CORBUS PHARMACEUTICALS HOLDINGS IN,Health Care,NASDAQ
SWMR,SWMR,SWARMER INC,Industrials,NASDAQ
BVFL,BVFL,BV FINANCIAL INC,Financials,NASDAQ
SIGA,SIGA,SIGA TECHNOLOGIES INC,Health Care,NASDAQ
CBFV,CBFV,CB FINANCIAL SERVICES INC,Financials,NASDAQ
RGCO,RGCO,RGC RESOURCES INC,Utilities,NASDAQ
THRY,THRY,THRYV HOLDINGS INC,Information Technology,NASDAQ
KRO,KRO,KRONOS WORLDWIDE INC,Materials,NYSE
AMPY,AMPY,AMPLIFY ENERGY CORP,Energy,NYSE
BHR,BHR,BRAEMAR HOTELS RESORTS INC,Real Estate,NYSE
TTGT,TTGT,TECHTARGET INC,Communication,NASDAQ
BRCB,BRCB,BLACK ROCK COFFEE BAR INC CLASS A,Consumer Discretionary,NASDAQ
ONEW,ONEW,ONEWATER MARINE CLASS A INC,Consumer Discretionary,NASDAQ
INTT,INTT,INTEST CORP,Information Technology,NYSE American
RCMT,RCMT,RCM TECHNOLOGIES INC,Industrials,NASDAQ
CRBU,CRBU,CARIBOU BIOSCIENCES INC,Health Care,NASDAQ
SES,SES,SES AI CORP CLASS A,Industrials,NYSE
SGC,SGC,SUPERIOR GROUP OF COMPANIES INC,Consumer Discretionary,NASDAQ
DOUG,DOUG,DOUGLAS ELLIMAN INC,Real Estate,NYSE
KPTI,KPTI,KARYOPHARM THERAPEUTICS INC,Health Care,NASDAQ
GALT,GALT,GALECTIN THERAPEUTICS INC,Health Care,NASDAQ
JILL,JILL,J JILL INC,Consumer Discretionary,NYSE
MDWD,MDWD,MEDIWOUND LTD,Health Care,NASDAQ
CDXS,CDXS,CODEXIS INC,Health Care,NASDAQ
XZO,XZO,EXZEO GROUP INC,Financials,NYSE
SRBK,SRBK,SR BANCORP INC,Financials,NASDAQ
FF,FF,FUTUREFUEL CORP,Energy,NYSE
PRLD,PRLD,PRELUDE THERAPEUTICS INC,Health Care,NASDAQ
OBIO,OBIO,ORCHESTRA BIOMED HOLDINGS INC,Health Care,NASDAQ
CXDO,CXDO,CREXENDO INC,Information Technology,NASDAQ
LZM,LZM,LIFEZONE METALS LTD,Materials,NYSE
MLP,MLP,MAUI LAND AND PINEAPPLE INC,Real Estate,NYSE
GENC,GENC,GENCOR INDUSTRIES INC,Industrials,NYSE American
ELMT,ELMT,ELMET GROUP,Industrials,NASDAQ
UNCY,UNCY,UNICYCIVE THERAPEUTICS INC,Health Care,NASDAQ
CHPT,CHPT,CHARGEPOINT HOLDINGS INC CLASS A,Industrials,NYSE
ANTX,ANTX,AN2 THERAPEUTICS INC,Health Care,NASDAQ
LUCD,LUCD,LUCID DIAGNOSTICS INC,Health Care,NASDAQ
AP,AP,AMPCO PITTSBURGH CORP,Materials,NYSE
WHG,WHG,WESTWOOD HOLDINGS GROUP INC,Financials,NYSE
FOA,FOA,FINANCE OF AMERICA COMPANIES INC C,Financials,NYSE
LFCR,LFCR,LIFECORE BIOMEDICAL INC,Health Care,NASDAQ
KLTR,KLTR,KALTURA INC,Information Technology,NASDAQ
ALTG,ALTG,ALTA EQUIPMENT GROUP INC CLASS A,Industrials,NYSE
IVVD,IVVD,INVIVYD INC,Health Care,NASDAQ
LYEL,LYEL,LYELL IMMUNOPHARMA INC,Health Care,NASDAQ
LENZ,LENZ,LENZ THERAPEUTICS INC,Health Care,NASDAQ
LDI,LDI,LOANDEPOT INC CLASS A,Financials,NYSE
MNTK,MNTK,MONTAUK RENEWABLES INC,Utilities,NASDAQ
RMBI,RMBI,RICHMOND MUTUAL BANCORPORATION INC,Financials,NASDAQ
LE,LE,LAND END INC,Consumer Discretionary,NASDAQ
ADCT,ADCT,ADC THERAPEUTICS SA,Health Care,NYSE
PDEX,PDEX,PRO DEX INC,Health Care,NASDAQ
FINW,FINW,FINWISE BANCORP,Financials,NASDAQ
SND,SND,SMART SAND INC,Energy,NASDAQ
ONL,ONL,ORION PROPERTIES INC,Real Estate,NYSE
KRRO,KRRO,KORRO BIO INC,Health Care,NASDAQ
PNRG,PNRG,PRIMEENERGY RESOURCES CORP,Energy,NASDAQ
SPRB,SPRB,SPRUCE BIOSCIENCES INC,Health Care,NASDAQ
LAW,LAW,CS DISCO INC,Information Technology,NYSE
ESP,ESP,ESPEY MANUFACTURING AND ELECTRONIC,Industrials,NYSE American
EGAN,EGAN,EGAIN CORP,Information Technology,NASDAQ
STRW,STRW,STRAWBERRY FIELDS REIT INC,Real Estate,NYSE American
HNVR,HNVR,HANOVER BANCORP INC,Financials,NASDAQ
KVHI,KVHI,KVH INDUSTRIES INC,Information Technology,NASDAQ
RAIL,RAIL,FREIGHTCAR AMERICA INC,Industrials,NASDAQ
CURI,CURI,CURIOSITYSTREAM INC CLASS A,Communication,NASDAQ
NODK,NODK,NI HOLDINGS INC,Financials,NASDAQ
WHWK,WHWK,WHITEHAWK THERAPEUTICS INC,Health Care,NASDAQ
ACDC,ACDC,PROFRAC HOLDING CLASS A CORP,Energy,NASDAQ
EPM,EPM,EVOLUTION PETROLEUM CORP,Energy,NYSE American
PROK,PROK,PROKIDNEY CORP CLASS A,Health Care,NASDAQ
FJET,FJET,STARFIGHTERS SPACE INC,Industrials,NYSE American
CARL,CARL,CARLSMED INC,Health Care,NASDAQ
AIRS,AIRS,AIRSCULPT TECHNOLOGIES INC,Health Care,NASDAQ
TRAK,TRAK,REPOSITRAK INC,Information Technology,NYSE
RNAC,RNAC,CARTESIAN THERAPEUTICS INC,Health Care,NASDAQ
NERV,NERV,MINERVA NEUROSCIENCES INC,Health Care,NASDAQ
ORMP,ORMP,ORAMED PHARMACEUTICALS INC,Health Care,NASDAQ
SAMG,SAMG,SILVERCREST ASSET MANAGEMENT GROUP,Financials,NASDAQ
EAF,EAF,GRAFTECH INTERNATIONAL LTD,Industrials,NYSE
RFIL,RFIL,RF INDUSTRIES LTD,Information Technology,NASDAQ
SMTI,SMTI,SANARA MEDTECH INC,Health Care,NASDAQ
GLSI,GLSI,GREENWICH LIFESCIENCES INC,Health Care,NASDAQ
VERI,VERI,VERITONE INC,Information Technology,NASDAQ
SVCO,SVCO,SILVACO GROUP INC,Information Technology,NASDAQ
DMRC,DMRC,DIGIMARC,Information Technology,NASDAQ
ACR,ACR,ACRES COMMERCIAL REALTY CORP,Financials,NYSE
NKTX,NKTX,NKARTA INC,Health Care,NASDAQ
CBNA,CBNA,CHAIN BRIDGE BANCORP INC CLASS A,Financials,NYSE
OFLX,OFLX,OMEGA FLEX INC,Industrials,NASDAQ
GPRO,GPRO,GOPRO INC CLASS A,Consumer Discretionary,NASDAQ
ULH,ULH,UNIVERSAL LOGISTICS HOLDINGS INC,Industrials,NASDAQ
PAMT,PAMT,PAMT CORP,Industrials,NASDAQ
GLIBA,GLIBA,LIBERTY CAPITAL CORP SERIES A,Communication,NASDAQ
BHA,BH-A,BIGLARI HOLDINGS INC CLASS A,Consumer Discretionary,NYSE
BRCC,BRCC,BRC INC CLASS A,Consumer Staples,NYSE
CPSS,CPSS,CONSUMER PORTFOLIO SERVICES INC,Financials,NASDAQ
VENU,VENU,VENU HOLDING CORP,Consumer Discretionary,NYSE American
ECBK,ECBK,ECB BANCORP INC,Financials,NASDAQ
GYRE,GYRE,GYRE THERAPEUTICS INC,Health Care,NASDAQ
OKUR,OKUR,ONKURE THERAPEUTICS INC CLASS A,Health Care,NASDAQ
INSG,INSG,INSEEGO CORP,Information Technology,NASDAQ
CURV,CURV,TORRID HOLDINGS INC,Consumer Discretionary,NYSE
ABOS,ABOS,ACUMEN PHARMACEUTICALS INC,Health Care,NASDAQ
AMTX,AMTX,AEMETIS INC,Energy,NASDAQ
STXS,STXS,STEREOTAXIS INC,Health Care,NYSE American
LCUT,LCUT,LIFETIME BRANDS INC,Consumer Discretionary,NASDAQ
EVI,EVI,EVI INDUSTRIES INC,Industrials,NYSE American
DIBS,DIBS,1STDIBS COM INC,Consumer Discretionary,NASDAQ
BDTX,BDTX,BLACK DIAMOND THERAPEUTICS INC,Health Care,NASDAQ
BZAI,BZAI,BLAIZE HOLDINGS INC,Information Technology,NASDAQ
SMID,SMID,SMITH MIDLAND CORP,Materials,NASDAQ
FLWS,FLWS,1-800 FLOWERS.COM INC CLASS A,Consumer Discretionary,NASDAQ
CNTN,CNTN,CANTON STRATEGIC HOLDINGS INC,Health Care,NASDAQ
CVRX,CVRX,CVRX INC,Health Care,NASDAQ
TRON,TRON,TRON INC,Consumer Discretionary,NASDAQ
WATT,WATT,ENERGOUS CORP,Industrials,NASDAQ
RBKB,RBKB,RHINEBECK BANCORP INC,Financials,NASDAQ
EPSN,EPSN,EPSILON ENERGY LTD,Energy,NASDAQ
HRTX,HRTX,HERON THERAPEUTICS INC,Health Care,NASDAQ
GWRS,GWRS,GLOBAL WATER RESOURCES INC,Utilities,NASDAQ
RDNW,RDNW,RIDENOW GROUP INC CLASS B,Consumer Discretionary,NASDAQ
CAMP,CAMP,CAMP4 THERAPEUTICS CORP,Health Care,NASDAQ
TCX,TCX,TUCOWS INC,Information Technology,NASDAQ
TYGO,TYGO,TIGO ENERGY INC,Industrials,NASDAQ
BNAI,BNAI,BRAND ENGAGEMENT NETWORK INC,Information Technology,NASDAQ
IDN,IDN,INTELLICHECK INC,Information Technology,NASDAQ
HYPR,HYPR,HYPERFINE INC CLASS A,Health Care,NASDAQ
NPWR,NPWR,NET POWER INC CLASS A,Industrials,NYSE
TKNO,TKNO,ALPHA TEKNOVA INC,Health Care,NASDAQ
ARTV,ARTV,ARTIVA BIOTHERAPEUTICS INC,Health Care,NASDAQ
MKTW,MKTW,MARKETWISE INC CLASS A,Financials,NASDAQ
CNTX,CNTX,CONTEXT THERAPEUTICS INC,Health Care,NASDAQ
TCI,TCI,TRANSCONTINENTAL REALTY INVESTORS,Real Estate,NYSE
HQI,HQI,HIREQUEST INC,Industrials,NASDAQ
OPAL,OPAL,OPAL FUELS INC CLASS A,Energy,NASDAQ
PLBY,PLBY,PLAYBOY INC,Consumer Discretionary,NASDAQ
ZENA,ZENA,ZENATECH INC,Information Technology,NASDAQ
PPHC,PPHC,PUBLIC POLICY HOLDING INC,Industrials,NASDAQ
OPTX,OPTX,SYNTEC OPTICS HOLDINGS INC CLASS A,Information Technology,NASDAQ
VHI,VHI,VALHI INC,Materials,NYSE
SBC,SBC,SBC MEDICAL GROUP HOLDINGS INC,Health Care,NASDAQ
AKE,AKE,AKERO THERAPEUTICS CVR,Health Care,NASDAQ
NL,NL,NLI HOLDINGS INC,Industrials,NYSE
CIX,CIX,COMPX INTERNATIONAL INC CLASS A,Industrials,NYSE American
NAUT,NAUT,NAUTILUS BIOTECHNOLGY INC,Health Care,NASDAQ
LVWR,LVWR,LIVEWIRE GROUP INC,Consumer Discretionary,NYSE
RDZN,RDZN,ROADZEN INC,Information Technology,NASDAQ
TOYO,TOYO,TOYO LTD,Information Technology,NASDAQ
VATE,VATE,INNOVATE CORP,Industrials,NYSE
VALU,VALU,VALUE LINE INC,Financials,NASDAQ
ARMP,ARMP,ARMATA PHARMACEUTICALS INC,Health Care,NYSE American
ELTX,ELTX,ELICIO THERAPEUTICS INC,Health Care,NASDAQ
FGBI,FGBI,FIRST GUARANTY BANCSHARES INC,Financials,NASDAQ
SBMT,SBMT,SILVER BOW MINING CORP,Materials,NYSE American
RENT,RENT,RENT THE RUNWAY INC CLASS A,Consumer Discretionary,NASDAQ
LEE,LEE,LEE ENTERPRISES INC,Communication,NASDAQ
CHCI,CHCI,COMSTOCK HOLDING COMPANIES INC CLA,Real Estate,NASDAQ
CNTB,CNTB,CONNECT BIOPHARMA HOLDINGS LTD,Health Care,NASDAQ
AFRI,AFRI,FORAFRIC GLOBAL PLC,Consumer Staples,NASDAQ
UP,UP,WHEELS UP EXPERIENCE INC CLASS A,Industrials,NYSE
USGO,USGO,US GOLDMINING INC,Materials,NASDAQ
METCB,METCB,RAMACO RESOURCES INC CLASS B,Materials,NASDAQ
FLYX,FLYX,FLYEXCLUSIVE INC CLASS A,Industrials,NYSE American
ARL,ARL,AMERICAN REALTY INVESTORS INC,Real Estate,NYSE
